reference_epoch,window_seconds,n_streams,streams
2024-11-22 00:50:00,2.0,8,"BREW,HRAO,IRKJ,QAQ1,SEYG,SUTM,UNBD,WIND"
2024-11-22 01:15:00,2.0,6,"ABMF,AREQ,BRFT,CAS1,NVSK,WUH2"
2024-11-22 01:40:00,2.0,8,"BREW,HRAO,IRKJ,LPGS,QAQ1,SEYG,UNBD,WIND"
2024-11-22 01:45:00,2.0,3,"BRFT,TUVA,WUH2"
2024-11-22 01:50:00,2.0,4,"BRFT,POHN,TUVA,WUH2"
2024-11-22 01:55:00,2.0,5,"BRFT,MOBS,POHN,TUVA,WUH2"
2024-11-22 02:00:00,2.0,5,"BRFT,MOBS,POHN,TUVA,WUH2"
2024-11-22 02:05:00,2.0,8,"ABMF,AREQ,BRFT,MOBS,NVSK,POHN,TUVA,WUH2"
2024-11-22 02:10:00,2.0,7,"BRFT,GPST,MAJU,MOBS,POHN,TUVA,WUH2"
2024-11-22 02:15:00,2.0,6,"BRFT,MAJU,MOBS,POHN,TUVA,WUH2"
2024-11-22 02:20:00,2.0,6,"BRFT,MAJU,MOBS,POHN,TUVA,WUH2"
2024-11-22 02:25:00,2.0,5,"BRFT,MOBS,POHN,TUVA,WUH2"
2024-11-22 02:30:00,2.0,11,"ALIC,BREW,BRFT,HRAO,IRKJ,POHN,QAQ1,SEYG,SUTM,TUVA,WUH2"
2024-11-22 02:35:00,2.0,6,"ALIC,BRFT,MAJU,MOBS,POHN,WUH2"
2024-11-22 02:40:00,2.0,4,"BRFT,MAJU,POHN,WUH2"
2024-11-22 02:45:00,2.0,6,"BRFT,KITG,MAJU,MOBS,POHN,WUH2"
2024-11-22 02:50:00,2.0,5,"BRFT,MAJU,MOBS,POHN,WUH2"
2024-11-22 02:55:00,2.0,11,"ABMF,AREQ,CAS1,MAJU,MOBS,NVSK,POHN,TUVA,UNBD,WIND,WUH2"
2024-11-22 03:00:00,2.0,6,"ALIC,AREQ,MAJU,MOBS,POHN,WUH2"
2024-11-22 03:05:00,2.0,5,"AREQ,MAJU,MOBS,POHN,WUH2"
2024-11-22 03:10:00,2.0,6,"AREQ,MAJU,MOBS,POHN,TUVA,WUH2"
2024-11-22 03:15:00,2.0,5,"AREQ,MAJU,POHN,TUVA,WUH2"
2024-11-22 03:20:00,2.0,13,"AREQ,BREW,DUBO,HRAO,IRKJ,MAJU,MOBS,POHN,QAQ1,SEYG,SUTM,TUVA,WUH2"
2024-11-22 03:25:00,2.0,6,"ALIC,AREQ,MAJU,MOBS,POHN,WUH2"
2024-11-22 03:30:00,2.0,6,"AREQ,HOB2,MAJU,MOBS,POHN,WUH2"
2024-11-22 03:35:00,2.0,6,"AREQ,HOB2,KITG,MAJU,POHN,WUH2"
2024-11-22 03:40:00,2.0,6,"ALIC,AREQ,HOB2,MAJU,POHN,WUH2"
2024-11-22 03:45:00,2.0,13,"ABMF,ALIC,AREQ,HOB2,LPGS,MAJU,MOBS,POHN,PTVL,TUVA,UNBD,WIND,WUH2"
2024-11-22 03:50:00,2.0,9,"ALIC,AREQ,HOB2,MAJU,MOBS,POHN,PTVL,TUVA,WUH2"
2024-11-22 03:55:00,2.0,8,"ALIC,AREQ,HOB2,MAJU,MOBS,PTVL,TUVA,WUH2"
2024-11-22 04:00:00,2.0,6,"ALIC,AREQ,HOB2,MAJU,MOBS,WUH2"
2024-11-22 04:05:00,2.0,6,"ALIC,AREQ,HOB2,MOBS,POHN,WUH2"
2024-11-22 04:10:00,2.0,17,"ALIC,AREQ,BREW,CAS1,HOB2,HRAO,IRKJ,MAJU,MOBS,NVSK,POHN,QAQ1,SEYG,SUTM,TUVA,WHIT,WUH2"
2024-11-22 04:15:00,2.0,6,"AREQ,HOB2,MOBS,POHN,TUVA,WUH2"
2024-11-22 04:20:00,2.0,8,"ALIC,AREQ,HOB2,MOBS,POHN,PTVL,TUVA,WUH2"
2024-11-22 04:25:00,2.0,9,"ALIC,AREQ,HOB2,KITG,MOBS,POHN,PTVL,TUVA,WUH2"
2024-11-22 04:30:00,2.0,7,"ALIC,AREQ,HOB2,MOBS,POHN,PTVL,WUH2"
2024-11-22 04:35:00,2.0,6,"ABMF,AREQ,HOB2,MOBS,POHN,PTVL"
2024-11-22 04:40:00,2.0,6,"AREQ,HOB2,MAW1,POHN,PTVL,TUVA"
2024-11-22 04:45:00,2.0,6,"AREQ,HOB2,MAW1,POHN,PTVL,TUVA"
2024-11-22 04:50:00,2.0,6,"AREQ,HOB2,MAW1,POHN,PTVL,TUVA"
2024-11-22 04:55:00,2.0,6,"AREQ,HOB2,MAW1,POHN,PTVL,TUVA"
2024-11-22 05:00:00,2.0,15,"AREQ,BREW,HLFX,HOB2,HRAO,IRKJ,MAW1,MOBS,NVSK,POHN,PTVL,QAQ1,SEYG,UNBD,WIND"
2024-11-22 05:05:00,2.0,6,"AREQ,HOB2,MAW1,MOBS,POHN,PTVL"
2024-11-22 05:10:00,2.0,7,"AREQ,HOB2,MAW1,MOBS,POHN,PTVL,TUVA"
2024-11-22 05:15:00,2.0,9,"AREQ,GMSD,HOB2,KITG,MAW1,MOBS,POHN,PTVL,TUVA"
2024-11-22 05:20:00,2.0,5,"AREQ,HOB2,MAW1,POHN,TUVA"
2024-11-22 05:25:00,2.0,8,"ABMF,AREQ,HOB2,MAW1,POHN,SUTM,TUVA,WUH2"
2024-11-22 05:30:00,2.0,7,"AREQ,GMSD,HOB2,MAJU,MAW1,MOBS,TUVA"
2024-11-22 05:35:00,2.0,6,"AREQ,MAJU,MAW1,MOBS,POHN,TUVA"
2024-11-22 05:40:00,2.0,7,"ALIC,AREQ,MAJU,MAW1,MOBS,POHN,TUVA"
2024-11-22 05:45:00,2.0,8,"ALIC,AREQ,GMSD,MAJU,MAW1,MOBS,POHN,TUVA"
2024-11-22 05:50:00,2.0,17,"AREQ,BREW,CAS1,GMSD,HOB2,HRAO,IRKJ,MAJU,MAW1,MOBS,NVSK,POHN,QAQ1,SEYG,TUVA,UNBD,WIND"
2024-11-22 05:55:00,2.0,5,"AREQ,MAJU,MAW1,POHN,TUVA"
2024-11-22 06:00:00,2.0,7,"ALIC,AREQ,GMSD,MAJU,MAW1,MOBS,POHN"
2024-11-22 06:05:00,2.0,7,"ALIC,AREQ,GMSD,KITG,MAJU,MOBS,POHN"
2024-11-22 06:10:00,2.0,5,"AREQ,GMSD,MOBS,POHN,TUVA"
2024-11-22 06:15:00,2.0,9,"ABMF,AREQ,GMSD,LPGS,PIE1,POHN,SUTM,TUVA,WUH2"
2024-11-22 06:20:00,2.0,3,"GMSD,POHN,TUVA"
2024-11-22 06:25:00,2.0,3,"ALIC,POHN,TUVA"
2024-11-22 06:35:00,2.0,3,"ALIC,MAJU,MOBS"
2024-11-22 06:40:00,2.0,12,"ALIC,BREW,DUBO,GODE,HRAO,IRKJ,MAW1,MOBS,QAQ1,SEYG,UNBD,ZECK"
2024-11-22 06:50:00,2.0,4,"ALIC,HOB2,MOBS,POHN"
2024-11-22 06:55:00,2.0,5,"ALIC,HOB2,MOBS,POHN,SIN1"
2024-11-22 07:00:00,2.0,5,"HOB2,MOBS,POHN,SIN1,TUVA"
2024-11-22 07:05:00,2.0,16,"ABMF,AREQ,CAS1,FLIN,GODN,HERT,HOB2,IRKJ,MAJU,MOBS,NVSK,POHN,PTVL,SIN1,TUVA,WIND"
2024-11-22 07:10:00,2.0,9,"FLIN,HOB2,IRKJ,MAJU,MOBS,POHN,PTVL,SIN1,TUVA"
2024-11-22 07:15:00,2.0,7,"FLIN,HOB2,IRKJ,MAJU,MOBS,POHN,PTVL"
2024-11-22 07:20:00,2.0,6,"FLIN,HOB2,KITG,MAJU,MOBS,PTVL"
2024-11-22 07:25:00,2.0,5,"FLIN,HOB2,MOBS,PTVL,WUH2"
2024-11-22 07:30:00,2.0,14,"BADG,BREW,FLIN,HOB2,HRAO,IRKJ,MOBS,PTVL,QAQ1,SEYG,SUTM,TUVA,UNBD,WUH2"
2024-11-22 07:35:00,2.0,5,"HOB2,MOBS,PTVL,TUVA,WUH2"
2024-11-22 07:40:00,2.0,7,"ALIC,FLIN,HOB2,IRKJ,MOBS,TUVA,WUH2"
2024-11-22 07:45:00,2.0,6,"ALIC,FLIN,IRKJ,MOBS,TUVA,WUH2"
2024-11-22 07:50:00,2.0,6,"ALIC,FLIN,IRKJ,MOBS,TUVA,WUH2"
2024-11-22 07:55:00,2.0,9,"ABMF,ALIC,AREQ,CAS1,FLIN,IRKJ,MOBS,WIND,WUH2"
2024-11-22 08:00:00,2.0,5,"FLIN,GMSD,IRKJ,MAW1,WUH2"
2024-11-22 08:05:00,2.0,5,"FLIN,IRKJ,MAW1,TUVA,WUH2"
2024-11-22 08:10:00,2.0,8,"FLIN,GMSD,HOB2,IRKJ,KITG,MAW1,TUVA,WUH2"
2024-11-22 08:15:00,2.0,5,"FLIN,MAW1,PTVL,TUVA,WUH2"
2024-11-22 08:20:00,2.0,16,"BREW,FLIN,HOB2,HRAO,IRKJ,MAW1,MOBS,NVSK,PTVL,QAQ1,SEYG,SUTM,TUVA,WUH2,YEL2,YELL"
2024-11-22 08:25:00,2.0,7,"FLIN,HOB2,MAW1,MOBS,PTVL,TUVA,WUH2"
2024-11-22 08:30:00,2.0,6,"FLIN,GMSD,HOB2,MOBS,PTVL,WUH2"
2024-11-22 08:35:00,2.0,5,"FLIN,HOB2,MOBS,PTVL,WUH2"
2024-11-22 08:40:00,2.0,4,"FLIN,HOB2,MOBS,WUH2"
2024-11-22 08:45:00,2.0,7,"ABMF,AREQ,FLIN,HOB2,UNBD,WHIT,WUH2"
2024-11-22 08:50:00,2.0,4,"FLIN,HOB2,IRKJ,WUH2"
2024-11-22 08:55:00,2.0,4,"FLIN,IRKJ,MAW1,WUH2"
2024-11-22 09:00:00,2.0,5,"FLIN,IRKJ,KITG,MAW1,WUH2"
2024-11-22 09:05:00,2.0,4,"FLIN,IRKJ,MAW1,WUH2"
2024-11-22 09:10:00,2.0,16,"BREW,CAS1,FLIN,GOLD,HLFX,HRAO,IRKJ,LPGS,MAW1,NVSK,QAQ1,SEYG,SUTM,WIND,WSRT,WUH2"
2024-11-22 09:15:00,2.0,3,"FLIN,IRKJ,WUH2"
2024-11-22 09:20:00,2.0,3,"FLIN,IRKJ,WUH2"
2024-11-22 09:25:00,2.0,3,"FLIN,IRKJ,WUH2"
2024-11-22 09:30:00,2.0,3,"FLIN,IRKJ,WUH2"
2024-11-22 09:35:00,2.0,7,"ABMF,AREQ,FLIN,IRKJ,UNBD,WUH2,YAR2"
2024-11-22 09:40:00,2.0,3,"FLIN,IRKJ,WUH2"
2024-11-22 09:45:00,2.0,3,"FLIN,IRKJ,WUH2"
2024-11-22 09:50:00,2.0,3,"FLIN,IRKJ,KITG"
2024-11-22 10:00:00,2.0,10,"BREW,DUBO,FLIN,HRAO,IENG,IRKJ,NVSK,QAQ1,SEYG,WUH2"
2024-11-22 10:25:00,2.0,9,"ABMF,AREQ,FLIN,HERT,KIRU,SUTM,UNBD,WIND,WUH2"
2024-11-22 10:30:00,2.0,3,"FLIN,LPGS,WUH2"
2024-11-22 10:35:00,2.0,3,"FLIN,LPGS,WUH2"
2024-11-22 10:40:00,2.0,4,"FLIN,KITG,LPGS,WUH2"
2024-11-22 10:45:00,2.0,3,"FLIN,LPGS,WUH2"
2024-11-22 10:50:00,2.0,10,"BREW,FLIN,GOP6,HRAO,IRKJ,LPGS,QAQ1,SEYG,WUH2,YAR2"
2024-11-22 10:55:00,2.0,3,"FLIN,LPGS,WUH2"
2024-11-22 11:05:00,2.0,4,"FLIN,IRKJ,LPGS,WUH2"
2024-11-22 11:10:00,2.0,3,"IRKJ,LPGS,WUH2"
2024-11-22 11:15:00,2.0,11,"ABMF,AREQ,FLIN,IRKJ,LPGS,NVSK,STJO,SUTM,THTG,WIND,WUH2"
2024-11-22 11:20:00,2.0,4,"FLIN,IRKJ,LPGS,WUH2"
2024-11-22 11:25:00,2.0,5,"FLIN,HKSL,IRKJ,LPGS,WUH2"
2024-11-22 11:30:00,2.0,6,"FLIN,HKSL,IRKJ,KITG,LPGS,WUH2"
2024-11-22 11:35:00,2.0,5,"FLIN,HKSL,IRKJ,LPGS,WUH2"
2024-11-22 11:40:00,2.0,11,"BREW,CAS1,FLIN,HKSL,HRAO,IRKJ,LPGS,QAQ1,SEYG,UNBD,WUH2"
2024-11-22 11:45:00,2.0,4,"FLIN,HKSL,IRKJ,LPGS"
2024-11-22 11:50:00,2.0,3,"HKSL,IRKJ,LPGS"
2024-11-22 11:55:00,2.0,4,"IRKJ,LPGS,MIKL,WUH2"
2024-11-22 12:00:00,2.0,4,"FLIN,IRKJ,LPGS,WUH2"
2024-11-22 12:05:00,2.0,12,"ABMF,AREQ,BRUX,DRAO,FLIN,IRKJ,LPGS,NVSK,PIE1,SUTM,WUH2,YAR2"
2024-11-22 12:10:00,2.0,4,"FLIN,IRKJ,LPGS,WUH2"
2024-11-22 12:15:00,2.0,4,"FLIN,IRKJ,LPGS,WUH2"
2024-11-22 12:20:00,2.0,5,"FLIN,IRKJ,KITG,LPGS,WUH2"
2024-11-22 12:25:00,2.0,3,"FLIN,LPGS,WUH2"
2024-11-22 12:30:00,2.0,12,"BREW,CAS1,FLIN,HRAO,IRKJ,KITG,LPGS,QAQ1,SEYG,UNBD,WIND,WUH2"
2024-11-22 12:35:00,2.0,4,"FLIN,KITG,LPGS,WUH2"
2024-11-22 12:40:00,2.0,4,"FLIN,KITG,LPGS,WUH2"
2024-11-22 12:45:00,2.0,4,"FLIN,KITG,LPGS,WUH2"
2024-11-22 12:50:00,2.0,4,"FLIN,KITG,LPGS,WUH2"
2024-11-22 12:55:00,2.0,9,"ABMF,AREQ,FLIN,KITG,LPGS,NVSK,SUTM,WHIT,WUH2"
2024-11-22 13:00:00,2.0,4,"FLIN,KITG,LPGS,WUH2"
2024-11-22 13:05:00,2.0,5,"FLIN,IRKJ,KITG,LPGS,WUH2"
2024-11-22 13:10:00,2.0,6,"FLIN,IRKJ,KITG,LPGS,MATE,WUH2"
2024-11-22 13:15:00,2.0,6,"FLIN,IRKJ,KITG,LPGS,MATE,WUH2"
2024-11-22 13:20:00,2.0,11,"BREW,FLIN,HRAO,IRKJ,KITG,LPGS,MATE,QAQ1,SEYG,WIND,WUH2"
2024-11-22 13:25:00,2.0,6,"FLIN,IRKJ,JDPR,KITG,LPGS,WUH2"
2024-11-22 13:30:00,2.0,4,"FLIN,JDPR,KITG,LPGS"
2024-11-22 13:35:00,2.0,4,"FLIN,JDPR,KITG,LPGS"
2024-11-22 13:40:00,2.0,4,"FLIN,JDPR,KITG,LPGS"
2024-11-22 13:45:00,2.0,10,"ABMF,AREQ,CAS1,DUBO,FLIN,HLFX,JDPR,KITG,LPGS,UNBD"
2024-11-22 14:05:00,2.0,3,"FLIN,IRKJ,KITG"
2024-11-22 14:10:00,2.0,11,"BREW,HRAO,IRKJ,KITG,MANA,MKEA,NVSK,QAQ1,REDU,SEYG,SUTM"
2024-11-22 14:35:00,2.0,6,"ABMF,AREQ,KITG,UNBD,WIND,WUH2"
2024-11-22 14:55:00,2.0,4,"FLIN,KITG,NOVM,TID1"
2024-11-22 15:00:00,2.0,12,"BADG,BREW,CAS1,FLIN,HRAO,IRKJ,KITG,NVSK,QAQ1,SEYG,SUTM,TID1"
2024-11-22 15:05:00,2.0,3,"FLIN,KITG,TID1"
2024-11-22 15:10:00,2.0,4,"FLIN,KARR,KITG,TID1"
2024-11-22 15:15:00,2.0,4,"FLIN,KARR,KITG,TID1"
2024-11-22 15:20:00,2.0,4,"ALIC,FLIN,KARR,KITG"
2024-11-22 15:25:00,2.0,9,"ABMF,ALIC,AREQ,KARR,KITG,LAMA,LPGS,UNBD,WIND"
2024-11-22 15:50:00,2.0,7,"BREW,HRAO,IRKJ,KITG,QAQ1,SEYG,SUTM"
2024-11-22 16:15:00,2.0,6,"ABMF,ALIC,AREQ,KARR,NOVM,NVSK"
2024-11-22 16:40:00,2.0,10,"BREW,CAS1,HRAO,IRKJ,LPGS,QAQ1,SEYG,UNBD,WIND,WUH2"
2024-11-22 17:05:00,2.0,5,"ABMF,ALIC,AREQ,SUTM,WHIT"
2024-11-22 17:30:00,2.0,7,"BREW,HRAO,IRKJ,NVSK,QAQ1,SEYG,UNBD"
2024-11-22 17:55:00,2.0,8,"ABMF,AREQ,CAS1,KIRU,LPGS,PIE1,SUTM,WIND"
2024-11-22 18:20:00,2.0,8,"BREW,HLFX,HRAO,IRKJ,NVSK,QAQ1,SEYG,UNBD"
2024-11-22 18:30:00,2.0,4,"CPVG,KARR,KITG,MOBS"
2024-11-22 18:40:00,2.0,3,"ALIC,KARR,MOBS"
2024-11-22 18:45:00,2.0,9,"ABMF,ALIC,AREQ,CAS1,KARR,MOBS,SUTM,WIND,WUH2"
2024-11-22 18:50:00,2.0,3,"ALIC,KARR,MOBS"
2024-11-22 19:10:00,2.0,7,"BREW,GOP6,HRAO,IRKJ,KARR,QAQ1,SEYG"
2024-11-22 19:35:00,2.0,8,"ABMF,ALIC,AREQ,DUBO,KARR,LPGS,NVSK,UNBD"
2024-11-22 20:00:00,2.0,11,"ALIC,BREW,CAS1,HRAO,IRKJ,KARR,QAQ1,SEYG,SUTM,THTG,TID1"
2024-11-22 20:10:00,2.0,3,"ALIC,KARR,KITG"
2024-11-22 20:25:00,2.0,6,"ABMF,AREQ,NVSK,SVTL,UNBD,WHIT"
2024-11-22 20:50:00,2.0,8,"BREW,HRAO,IRKJ,KARR,QAQ1,SEYG,SUTM,WUH2"
2024-11-22 21:15:00,2.0,5,"ABMF,AREQ,KARR,LPGS,UNBD"
2024-11-22 21:40:00,2.0,9,"ALIC,BREW,CAS1,HRAO,IRKJ,NVSK,QAQ1,SEYG,SUTM"
2024-11-22 21:45:00,2.0,4,"ALIC,MOBS,SOLO,ZECK"
2024-11-22 21:50:00,2.0,3,"KITG,MOBS,SOLO"
2024-11-22 22:00:00,2.0,3,"ALIC,MOBS,SOLO"
2024-11-22 22:05:00,2.0,6,"ABMF,AREQ,LAUT,MOBS,SOLO,YAR2"
2024-11-22 22:10:00,2.0,3,"LAUT,MOBS,SOLO"
2024-11-22 22:15:00,2.0,3,"ALIC,LAUT,SOLO"
2024-11-22 22:25:00,2.0,11,"AMC4,BADG,GANP,IENG,LAUT,MATE,MDVJ,NRC1,NRMD,SOLO,TIDB"
2024-11-22 22:30:00,2.0,15,"BADG,BREW,CAS1,HRAO,IENG,IRKJ,LPGS,MATE,NRC1,NVSK,QAQ1,SEYG,SOLO,TIDB,UNBD"
2024-11-22 22:35:00,2.0,9,"BADG,BRFT,IENG,IRKJ,LAUT,MANA,MATE,NRC1,SOLO"
2024-11-22 22:40:00,2.0,8,"BADG,BAKE,BRFT,IRKJ,KITG,MATE,NRC1,SOLO"
2024-11-22 22:45:00,2.0,6,"BADG,BRFT,IRKJ,MATE,NRC1,SOLO"
2024-11-22 22:50:00,2.0,6,"ALIC,BADG,BRFT,IRKJ,MATE,NRC1"
2024-11-22 22:55:00,2.0,11,"ABMF,ALBH,ALIC,AREQ,BADG,BRFT,IRKJ,MATE,NRC1,SUTM,WUH2"
2024-11-22 23:00:00,2.0,6,"ALIC,BADG,BAKE,BRFT,IRKJ,MATE"
2024-11-22 23:05:00,2.0,5,"BAKE,BRFT,IRKJ,LAUT,MATE"
2024-11-22 23:10:00,2.0,5,"BRFT,IRKJ,KARR,MATE,SOLO"
2024-11-22 23:15:00,2.0,5,"ALIC,FLIN,IRKJ,KARR,MATE"
2024-11-22 23:20:00,2.0,13,"ALIC,BRAZ,BREW,FLIN,HLFX,HRAO,IRKJ,KARR,MATE,QAQ1,SEYG,UNBD,YAR2"
2024-11-22 23:25:00,2.0,6,"ALIC,BRAZ,FLIN,IRKJ,KARR,MATE"
2024-11-22 23:30:00,2.0,4,"IRKJ,KITG,POHN,POVE"
2024-11-22 23:35:00,2.0,5,"BRFT,FLIN,IRKJ,POHN,POVE"
2024-11-22 23:40:00,2.0,5,"BRFT,FLIN,IRKJ,POHN,POVE"
2024-11-22 23:45:00,2.0,9,"AREQ,BRFT,FLIN,IRKJ,LPGS,NVSK,POHN,POVE,SUTM"
2024-11-22 23:50:00,2.0,4,"BRFT,FLIN,IRKJ,POVE"
2024-11-22 23:55:00,2.0,9,"ALIC,BRFT,FLIN,GPST,IRKJ,POHN,POVE,SCRZ,SOLO"
2024-11-23 00:00:00,2.0,7,"BRFT,GPST,IRKJ,POHN,POVE,SCRZ,SOLO"
2024-11-23 00:05:00,2.0,8,"BRFT,GPST,IRKJ,KARR,POHN,POVE,SCRZ,SOLO"
2024-11-23 00:10:00,2.0,18,"BADG,BREW,BRFT,DRAO,GOLD,GPST,HRAO,KARR,LAUT,MATE,PIE1,POHN,POVE,QAQ1,SCRZ,SEYG,SOLO,UNBD"
2024-11-23 00:15:00,2.0,7,"BRFT,KARR,LAUT,LMMF,POHN,POVE,SOLO"
2024-11-23 00:20:00,2.0,5,"BRFT,KITG,POHN,POVE,SOLO"
2024-11-23 00:25:00,2.0,4,"BRFT,POHN,POVE,TIDB"
2024-11-23 00:30:00,2.0,3,"BRFT,FLIN,POHN"
2024-11-23 00:35:00,2.0,8,"AREQ,BRFT,MATE,NNOR,NVSK,POHN,SUTM,WHIT"
2024-11-23 00:40:00,2.0,3,"BRFT,MATE,POHN"
2024-11-23 00:45:00,2.0,4,"BRFT,MATE,POHN,SOLO"
2024-11-23 00:50:00,2.0,6,"ABMF,BRFT,MATE,MET3,POHN,SOLO"
2024-11-23 00:55:00,2.0,5,"BRFT,MATE,POHN,SOLO,SVTL"
2024-11-23 01:00:00,2.0,11,"BREW,BRFT,HRAO,LAUT,LPGS,MATE,POHN,QAQ1,SEYG,SOLO,SVTL"
2024-11-23 01:05:00,2.0,8,"ALIC,BRFT,MATE,NRC1,POHN,SOLO,SVTL,WIND"
2024-11-23 01:10:00,2.0,10,"ALIC,BADG,BRFT,KARR,KITG,MATE,NRC1,POHN,SOLO,SVTL"
2024-11-23 01:15:00,2.0,8,"ALIC,BADG,BRFT,KARR,MATE,NRC1,POHN,SOLO"
2024-11-23 01:20:00,2.0,7,"BADG,BRFT,MATE,NRC1,POHN,SOLO,TIDB"
2024-11-23 01:25:00,2.0,11,"AREQ,BADG,BRFT,LAUT,MATE,NRC1,NVSK,POHN,SOLO,TIDB,UNBD"
2024-11-23 01:30:00,2.0,9,"BADG,BRFT,LAUT,MATE,NRC1,POHN,SOLO,TIDB,WUH2"
2024-11-23 01:35:00,2.0,10,"ALIC,BADG,BRFT,KARR,LAUT,MATE,NRC1,POHN,SOLO,TIDB"
2024-11-23 01:40:00,2.0,11,"BADG,BRFT,KARR,LAUT,MATE,MET3,NRC1,POHN,SAVO,SOLO,TIDB"
2024-11-23 01:45:00,2.0,4,"BRFT,MAW1,POHN,SOLO"
2024-11-23 01:50:00,2.0,10,"BREW,BRFT,CAS1,HRAO,MAW1,POHN,QAQ1,SEYG,SOLO,SUTM"
2024-11-23 01:55:00,2.0,8,"ALIC,BRFT,KARR,MAW1,POHN,POVE,SOLO,WIND"
2024-11-23 02:00:00,2.0,9,"ALIC,BRFT,GPST,KARR,KITG,MAW1,POHN,POVE,SOLO"
2024-11-23 02:05:00,2.0,7,"ALIC,BRFT,KARR,MAW1,POHN,POVE,SOLO"
2024-11-23 02:10:00,2.0,6,"ALIC,BRFT,KARR,LAUT,POHN,POVE"
2024-11-23 02:15:00,2.0,8,"AREQ,BRFT,KARR,MAW1,POVE,SOLO,TWTF,UNBD"
2024-11-23 02:20:00,2.0,4,"BRFT,MAW1,POVE,SOLO"
2024-11-23 02:25:00,2.0,5,"ALIC,BRFT,MAW1,POVE,SOLO"
2024-11-23 02:30:00,2.0,6,"ALIC,BRFT,MAW1,MET3,POVE,SOLO"
2024-11-23 02:35:00,2.0,4,"BRFT,FLIN,MAW1,POVE"
2024-11-23 02:40:00,2.0,16,"ALBH,ALIC,BREW,BRFT,CAS1,FLIN,HRAO,LPGS,MAW1,NVSK,POVE,QAQ1,SEYG,SUTM,WSRT,WUH2"
2024-11-23 02:45:00,2.0,8,"ABMF,BRFT,FLIN,LAUT,MAW1,POVE,SOLO,WUH2"
2024-11-23 02:50:00,2.0,9,"ALIC,FLIN,KITG,LAUT,MAW1,POHN,POVE,SOLO,WUH2"
2024-11-23 02:55:00,2.0,9,"ALIC,FLIN,GUAT,LAUT,MAW1,POHN,POVE,SOLO,WUH2"
2024-11-23 03:00:00,2.0,5,"FLIN,POHN,POVE,SOLO,WUH2"
2024-11-23 03:05:00,2.0,9,"AREQ,FLIN,LAUT,MAW1,POHN,SOLO,TOPL,UNBD,WUH2"
2024-11-23 03:10:00,2.0,8,"FLIN,LAUT,MAW1,POHN,SOLO,TOPL,WIND,WUH2"
2024-11-23 03:15:00,2.0,7,"FLIN,LAUT,MAW1,POHN,SOLO,TOPL,WUH2"
2024-11-23 03:20:00,2.0,7,"FLIN,LAUT,MAW1,MET3,POHN,SOLO,WUH2"
2024-11-23 03:25:00,2.0,7,"IMPZ,KARR,LAUT,MAW1,POHN,SOLO,WUH2"
2024-11-23 03:30:00,2.0,15,"BREW,BRUX,HRAO,IMPZ,KARR,LAUT,MAW1,NVSK,QAQ1,SEYG,SOLO,SUTM,UFPR,WHIT,WUH2"
2024-11-23 03:35:00,2.0,10,"ABMF,ALIC,IMPZ,KARR,LAUT,MAW1,POHN,SOLO,UFPR,WUH2"
2024-11-23 03:40:00,2.0,7,"IMPZ,KARR,KITG,LAUT,MAW1,POHN,WUH2"
2024-11-23 03:45:00,2.0,6,"KARR,LAUT,MAW1,POHN,SOLO,WUH2"
2024-11-23 03:50:00,2.0,5,"LAUT,MAW1,POHN,SOLO,WUH2"
2024-11-23 03:55:00,2.0,12,"ALIC,AREQ,DUBO,KARR,LAUT,MAW1,POHN,SFER,SOLO,SVTL,WTZZ,WUH2"
2024-11-23 04:00:00,2.0,8,"ALIC,KARR,LAUT,MAW1,SOLO,SVTL,WIND,WUH2"
2024-11-23 04:05:00,2.0,5,"KARR,LAUT,MAW1,POHN,WUH2"
2024-11-23 04:10:00,2.0,5,"LAUT,MAW1,MET3,POHN,WUH2"
2024-11-23 04:15:00,2.0,4,"ALIC,LAUT,MAW1,POHN"
2024-11-23 04:20:00,2.0,13,"BREW,CAS1,GODE,GODN,HRAO,LAUT,LPGS,MAW1,POHN,QAQ1,SEYG,UNBD,WUH2"
2024-11-23 04:25:00,2.0,5,"ABMF,LAUT,MAW1,POHN,WUH2"
2024-11-23 04:30:00,2.0,5,"KITG,LAUT,MAW1,POHN,WUH2"
2024-11-23 04:35:00,2.0,3,"LAUT,POHN,WUH2"
2024-11-23 04:40:00,2.0,4,"LAUT,POHN,SOLO,WUH2"
2024-11-23 04:45:00,2.0,7,"AREQ,LAUT,NVSK,POHN,SOLO,SUTM,WUH2"
2024-11-23 04:50:00,2.0,3,"LAUT,SOLO,WUH2"
2024-11-23 05:00:00,2.0,4,"LAUT,MET3,SOLO,WUH2"
2024-11-23 05:05:00,2.0,5,"KARR,LAUT,MAW1,SOLO,WUH2"
2024-11-23 05:10:00,2.0,11,"BREW,HLFX,HRAO,KARR,LAUT,MAW1,QAQ1,SEYG,SOLO,UNBD,WUH2"
2024-11-23 05:15:00,2.0,7,"ABMF,LAUT,MAW1,POHN,SOLO,WIND,WUH2"
2024-11-23 05:20:00,2.0,7,"KARR,KITG,LAUT,MAW1,POHN,SOLO,WUH2"
2024-11-23 05:25:00,2.0,6,"KARR,LAUT,MAW1,POHN,SOLO,WUH2"
2024-11-23 05:30:00,2.0,5,"KARR,LAUT,MAW1,SOLO,WUH2"
2024-11-23 05:35:00,2.0,8,"AREQ,GPST,LAUT,MADR,MAW1,SOLO,SUTM,WUH2"
2024-11-23 05:40:00,2.0,5,"LAUT,MAW1,SOLO,WUH2,ZECK"
2024-11-23 05:45:00,2.0,5,"LAUT,MAW1,NRC1,SOLO,WUH2"
2024-11-23 05:50:00,2.0,4,"MAW1,MET3,SOLO,WUH2"
2024-11-23 05:55:00,2.0,5,"ALIC,LAUT,MAW1,SOLO,WUH2"
2024-11-23 06:00:00,2.0,12,"ALIC,BREW,HRAO,LAUT,LPGS,MAW1,NVSK,QAQ1,SEYG,UNBD,WHIT,YEL2"
2024-11-23 06:05:00,2.0,5,"ABMF,LAUT,MAW1,WIND,WUH2"
2024-11-23 06:10:00,2.0,3,"KITG,LAUT,MAW1"
2024-11-23 06:15:00,2.0,4,"LAUT,LPGS,MAW1,MET3"
2024-11-23 06:20:00,2.0,5,"LAUT,LPGS,MAW1,MET3,SIN1"
2024-11-23 06:25:00,2.0,7,"AREQ,LPGS,MAW1,MET3,PIE1,SIN1,SUTM"
2024-11-23 06:30:00,2.0,3,"LPGS,MET3,SIN1"
2024-11-23 06:35:00,2.0,3,"IRKJ,LPGS,MET3"
2024-11-23 06:40:00,2.0,3,"LPGS,MAW1,MET3"
2024-11-23 06:45:00,2.0,4,"IRKJ,LPGS,MAW1,MET3"
2024-11-23 06:50:00,2.0,12,"ALBH,BADG,BREW,GOLD,HRAO,IRKJ,LPGS,MET3,NVSK,ONSA,QAQ1,SEYG"
2024-11-23 06:55:00,2.0,4,"ABMF,IRKJ,LPGS,MET3"
2024-11-23 07:00:00,2.0,5,"IRKJ,KITG,LPGS,MAW1,MET3"
2024-11-23 07:05:00,2.0,4,"IRKJ,LPGS,MAW1,MET3"
2024-11-23 07:10:00,2.0,4,"IRKJ,LPGS,MET3,WHIT"
2024-11-23 07:15:00,2.0,7,"AREQ,IRKJ,LPGS,MET3,THTG,UNBD,WHIT"
2024-11-23 07:20:00,2.0,5,"IRKJ,LPGS,MET3,WHIT,WIND"
2024-11-23 07:25:00,2.0,6,"IRKJ,LPGS,MAW1,MET3,POHN,WHIT"
2024-11-23 07:30:00,2.0,6,"IRKJ,LPGS,MAW1,MET3,POHN,WHIT"
2024-11-23 07:35:00,2.0,6,"IRKJ,LPGS,MAW1,MET3,POHN,WHIT"
2024-11-23 07:40:00,2.0,12,"BREW,CAS1,HRAO,IRKJ,LPGS,MAW1,MET3,POHN,QAQ1,SEYG,SUTM,WHIT"
2024-11-23 07:45:00,2.0,8,"ABMF,IRKJ,LPGS,MAW1,MET3,POHN,WHIT,WUH2"
2024-11-23 07:50:00,2.0,7,"IRKJ,KITG,LPGS,MAW1,MET3,POHN,WHIT"
2024-11-23 07:55:00,2.0,4,"IRKJ,MET3,POHN,WHIT"
2024-11-23 08:00:00,2.0,4,"IRKJ,LPGS,MET3,WHIT"
2024-11-23 08:05:00,2.0,7,"AREQ,IRKJ,LPGS,MET3,NVSK,UNBD,WHIT"
2024-11-23 08:10:00,2.0,5,"IRKJ,LPGS,MET3,WHIT,WIND"
2024-11-23 08:15:00,2.0,4,"IRKJ,LPGS,MET3,WHIT"
2024-11-23 08:30:00,2.0,7,"BREW,HRAO,LPGS,MET3,MKEA,QAQ1,SEYG"
2024-11-23 08:35:00,2.0,3,"ABMF,LPGS,MET3"
2024-11-23 08:40:00,2.0,3,"KITG,LPGS,MET3"
2024-11-23 08:50:00,2.0,3,"HERT,LPGS,MET3"
2024-11-23 08:55:00,2.0,7,"AREQ,DUBO,LPGS,MET3,NVSK,SUTM,UNBD"
2024-11-23 09:05:00,2.0,3,"IRKJ,LPGS,MET3"
2024-11-23 09:20:00,2.0,7,"BREW,CAS1,HRAO,LPGS,MET3,QAQ1,SEYG"
2024-11-23 09:25:00,2.0,3,"LPGS,MET3,WIND"
2024-11-23 09:30:00,2.0,3,"KITG,LPGS,MET3"
2024-11-23 09:45:00,2.0,4,"AREQ,NVSK,SUTM,YAR2"
2024-11-23 10:10:00,2.0,7,"BREW,GOP6,HRAO,LPGS,QAQ1,SEYG,UNBD"
2024-11-23 10:25:00,2.0,3,"GLSV,GPST,MET3"
2024-11-23 10:35:00,2.0,4,"AREQ,HLFX,NVSK,SUTM"
2024-11-23 11:00:00,2.0,7,"BREW,HRAO,KIRU,MATE,QAQ1,SEYG,YAR2"
2024-11-23 11:35:00,2.0,3,"IRKJ,MAW1,UNBD"
2024-11-23 11:50:00,2.0,8,"BREW,GAMB,HRAO,LPGS,NVSK,QAQ1,SEYG,SUTM"
2024-11-23 12:00:00,2.0,3,"ABMF,KITG,MAW1"
2024-11-23 12:15:00,2.0,3,"AREQ,MAW1,YAR2"
2024-11-23 12:40:00,2.0,8,"BREW,CAS1,HRAO,MAW1,NVSK,QAQ1,SEYG,SUTM"
2024-11-23 12:50:00,2.0,3,"ABMF,KITG,MAW1"
2024-11-23 12:55:00,2.0,3,"MAW1,MET3,UNBD"
2024-11-23 13:15:00,2.0,3,"DUBO,IRKJ,MAW1"
2024-11-23 13:30:00,2.0,12,"BREW,CAS1,DUBO,HRAO,LPGS,MAW1,PIE1,QAQ1,SEYG,SUTM,TID1,YAR2"
2024-11-23 13:35:00,2.0,3,"DUBO,MAW1,WIND"
2024-11-23 13:40:00,2.0,3,"DUBO,KITG,MAW1"
2024-11-23 13:45:00,2.0,5,"ABMF,DUBO,MAW1,MET3,UNBD"
2024-11-23 13:55:00,2.0,4,"AREQ,DUBO,MAW1,NVSK"
2024-11-23 14:00:00,2.0,4,"DUBO,GPST,MAW1,WUH2"
2024-11-23 14:05:00,2.0,3,"DUBO,IRKJ,MAW1"
2024-11-23 14:20:00,2.0,6,"BREW,DUBO,HRAO,MAW1,QAQ1,SEYG"
2024-11-23 14:25:00,2.0,3,"DUBO,MAW1,SOLO"
2024-11-23 14:30:00,2.0,3,"DUBO,KITG,SOLO"
2024-11-23 14:35:00,2.0,4,"DUBO,MAW1,MET3,SOLO"
2024-11-23 14:40:00,2.0,3,"DUBO,MAW1,SOLO"
2024-11-23 14:45:00,2.0,4,"AREQ,DUBO,MAW1,SUTM"
2024-11-23 14:50:00,2.0,4,"ABMF,DUBO,MAW1,WIND"
2024-11-23 14:55:00,2.0,3,"DUBO,IRKJ,MAW1"
2024-11-23 15:00:00,2.0,4,"DUBO,MAW1,SOLO,UNBD"
2024-11-23 15:05:00,2.0,4,"DUBO,MAW1,SOLO,TID1"
2024-11-23 15:10:00,2.0,9,"BREW,DUBO,HRAO,LPGS,NVSK,QAQ1,SEYG,SOLO,TID1"
2024-11-23 15:15:00,2.0,3,"DUBO,SOLO,TID1"
2024-11-23 15:20:00,2.0,3,"DUBO,KITG,SOLO"
2024-11-23 15:25:00,2.0,4,"DUBO,MAW1,MET3,SOLO"
2024-11-23 15:30:00,2.0,4,"DUBO,MAW1,SOLO,TID1"
2024-11-23 15:35:00,2.0,6,"AREQ,DUBO,HLFX,MET3,SOLO,SUTM"
2024-11-23 15:40:00,2.0,5,"ABMF,DUBO,MET3,SOLO,WIND"
2024-11-23 15:45:00,2.0,5,"DUBO,IRKJ,MAW1,MET3,SOLO"
2024-11-23 15:50:00,2.0,5,"DUBO,MAW1,MET3,SOLO,UNBD"
2024-11-23 16:00:00,2.0,8,"BREW,CAS1,HRAO,MAW1,MET3,NVSK,QAQ1,SEYG"
2024-11-23 16:10:00,2.0,3,"KITG,MAW1,MET3"
2024-11-23 16:20:00,2.0,3,"MAW1,MET3,SOLO"
2024-11-23 16:25:00,2.0,5,"AREQ,LPGS,MAW1,MET3,SOLO"
2024-11-23 16:30:00,2.0,4,"ABMF,MAW1,MET3,SOLO"
2024-11-23 16:35:00,2.0,4,"IRKJ,MAW1,MET3,SOLO"
2024-11-23 16:40:00,2.0,4,"MAW1,MET3,SOLO,UNBD"
2024-11-23 16:50:00,2.0,10,"BREW,DUBO,HRAO,MAW1,MET3,QAQ1,SEYG,SOLO,SUTM,SVTL"
2024-11-23 16:55:00,2.0,4,"MAW1,MET3,SOLO,WIND"
2024-11-23 17:00:00,2.0,4,"KITG,MAW1,MET3,SOLO"
2024-11-23 17:05:00,2.0,3,"GLSV,MET3,SOLO"
2024-11-23 17:10:00,2.0,3,"MAW1,MET3,SOLO"
2024-11-23 17:15:00,2.0,5,"AREQ,MAW1,MET3,NVSK,SOLO"
2024-11-23 17:20:00,2.0,3,"ABMF,MAW1,MET3"
2024-11-23 17:25:00,2.0,4,"IRKJ,JOG2,MAW1,MET3"
2024-11-23 17:30:00,2.0,4,"JOG2,MAW1,MET3,SOLO"
2024-11-23 17:35:00,2.0,4,"JOG2,MAW1,MET3,SOLO"
2024-11-23 17:40:00,2.0,12,"BREW,CAS1,HRAO,JOG2,LPGS,MAW1,MET3,QAQ1,SEYG,SOLO,SUTM,TID1"
2024-11-23 17:45:00,2.0,5,"JOG2,MAW1,MET3,SOLO,WIND"
2024-11-23 17:50:00,2.0,5,"JOG2,KITG,MAW1,MET3,SOLO"
2024-11-23 17:55:00,2.0,4,"JOG2,MET3,SOLO,UNBD"
2024-11-23 18:00:00,2.0,4,"JOG2,MAW1,MET3,SOLO"
2024-11-23 18:05:00,2.0,6,"AREQ,JOG2,KIRU,MAW1,MET3,SOLO"
2024-11-23 18:10:00,2.0,5,"ABMF,JOG2,MET3,SOLO,WUH2"
2024-11-23 18:15:00,2.0,4,"IRKJ,JOG2,MAW1,MET3"
2024-11-23 18:20:00,2.0,6,"GPST,JOG2,MAW1,MET3,POHN,SOLO"
2024-11-23 18:25:00,2.0,5,"JOG2,MAW1,MET3,POHN,SOLO"
2024-11-23 18:30:00,2.0,11,"BREW,HRAO,JOG2,MAW1,MET3,NVSK,POHN,QAQ1,SEYG,SOLO,SUTM"
2024-11-23 18:35:00,2.0,3,"MAW1,MET3,SOLO"
2024-11-23 18:40:00,2.0,3,"KITG,MAW1,MET3"
2024-11-23 18:45:00,2.0,5,"GLSV,JOZ2,MAW1,MET3,UNBD"
2024-11-23 18:50:00,2.0,3,"MAW1,MET3,SOLO"
2024-11-23 18:55:00,2.0,5,"AREQ,CAS1,LPGS,MAW1,SOLO"
2024-11-23 19:00:00,2.0,3,"ABMF,MAW1,WIND"
2024-11-23 19:20:00,2.0,9,"BREW,GOP6,HRAO,MAW1,NVSK,POHN,QAQ1,SEYG,SOLO"
2024-11-23 19:30:00,2.0,4,"KITG,MAW1,POHN,SOLO"
2024-11-23 19:35:00,2.0,4,"MET3,POHN,SOLO,UNBD"
2024-11-23 19:45:00,2.0,5,"AREQ,CAS1,MAW1,SOLO,SUTM"
2024-11-23 19:50:00,2.0,5,"ABMF,MAW1,SOLO,WIND,WUH2"
2024-11-23 19:55:00,2.0,4,"IRKJ,MAW1,SOLO,WUH2"
2024-11-23 20:00:00,2.0,3,"MAW1,SOLO,WUH2"
2024-11-23 20:10:00,2.0,8,"BREW,HRAO,LPGS,MAW1,QAQ1,SEYG,SOLO,WUH2"
2024-11-23 20:35:00,2.0,7,"AREQ,DUBO,HLFX,NVSK,SOLO,SUTM,WUH2"
2024-11-23 20:40:00,2.0,4,"ABMF,ASCG,SOLO,WUH2"
2024-11-23 20:45:00,2.0,3,"IRKJ,SOLO,WUH2"
2024-11-23 20:50:00,2.0,3,"SOLO,UNBD,WUH2"
2024-11-23 21:00:00,2.0,7,"BREW,CAS1,HRAO,QAQ1,SEYG,SOLO,WUH2"
2024-11-23 21:10:00,2.0,3,"KITG,SOLO,WUH2"
2024-11-23 21:25:00,2.0,8,"AREQ,LPGS,NVSK,PIE1,SOLO,SUTM,THTG,WUH2"
2024-11-23 21:30:00,2.0,3,"ABMF,SOLO,WUH2"
2024-11-23 21:40:00,2.0,4,"POHN,SOLO,UNBD,WUH2"
2024-11-23 21:45:00,2.0,4,"POHN,RGDG,SOLO,WUH2"
2024-11-23 21:50:00,2.0,8,"BREW,HRAO,POHN,QAQ1,SEYG,SOLO,WUH2,YAR2"
2024-11-23 21:55:00,2.0,3,"POHN,SOLO,WUH2"
2024-11-23 22:00:00,2.0,4,"BAKE,KITG,SOLO,WUH2"
2024-11-23 22:05:00,2.0,4,"BAKE,MET3,SOLO,WUH2"
2024-11-23 22:15:00,2.0,5,"AREQ,NVSK,PTVL,SOLO,WUH2"
2024-11-23 22:20:00,2.0,5,"ABMF,POHN,PTVL,SOLO,WUH2"
2024-11-23 22:25:00,2.0,9,"ARUC,BADG,CHAN,IRKJ,KIRI,PIE1,SOLO,WUH2,ZECK"
2024-11-23 22:30:00,2.0,11,"BADG,BRFT,CHAN,IRKJ,PIE1,POHN,PTVL,SOLO,UNBD,WUH2,ZECK"
2024-11-23 22:35:00,2.0,9,"BADG,BRFT,CHAN,IRKJ,PIE1,PTVL,SOLO,WUH2,ZECK"
2024-11-23 22:40:00,2.0,16,"BADG,BREW,BRFT,CAS1,CHAN,HRAO,IRKJ,LPGS,PIE1,PTVL,QAQ1,SEYG,SOLO,SUTM,WUH2,ZECK"
2024-11-23 22:45:00,2.0,8,"BADG,BRFT,CHAN,IRKJ,PIE1,PTVL,WUH2,ZECK"
2024-11-23 22:50:00,2.0,10,"BADG,BRFT,CHAN,IRKJ,KITG,PIE1,PTVL,SOLO,WUH2,ZECK"
2024-11-23 22:55:00,2.0,10,"BADG,BRFT,CHAN,MET3,PALM,PIE1,POHN,PTVL,WUH2,ZECK"
2024-11-23 23:00:00,2.0,10,"ALIC,BADG,BRFT,CHAN,PIE1,POHN,PTVL,SOLO,WUH2,ZECK"
2024-11-23 23:05:00,2.0,11,"ALIC,AREQ,BADG,BRFT,CHAN,PTVL,SOLO,TOPL,WUH2,YAR2,ZECK"
2024-11-23 23:10:00,2.0,7,"ABMF,BADG,BRFT,CHAN,SOLO,TOPL,ZECK"
2024-11-23 23:15:00,2.0,7,"BADG,IRKJ,MGUE,POHN,PTVL,SOLO,ZECK"
2024-11-23 23:25:00,2.0,6,"ALIC,BADG,MGUE,POHN,SOLO,ZECK"
2024-11-23 23:30:00,2.0,11,"ALIC,BREW,BRFT,HRAO,MGUE,NVSK,PTVL,QAQ1,SEYG,SUTM,ZECK"
2024-11-23 23:35:00,2.0,6,"ALIC,BRFT,MGUE,PTVL,SOLO,WUH2"
2024-11-23 23:40:00,2.0,6,"ALIC,BRFT,KITG,MGUE,POHN,PTVL"
2024-11-23 23:45:00,2.0,7,"ALIC,BRFT,MET3,MGUE,POHN,SOLO,UNBD"
2024-11-23 23:50:00,2.0,5,"ALIC,BRFT,MGUE,POHN,SOLO"
2024-11-23 23:55:00,2.0,10,"ALIC,AREQ,BRFT,CAS1,GPST,LPGS,MGUE,POHN,SOLO,TWTF"
2024-11-24 00:00:00,2.0,9,"ABMF,ALIC,BRFT,GOLD,GPST,MGUE,POHN,PTVL,SOLO"
2024-11-24 00:05:00,2.0,6,"ALIC,BRFT,GPST,HOB2,POHN,PTVL"
2024-11-24 00:10:00,2.0,6,"ALIC,BRFT,BRUX,GPST,HOB2,SOLO"
2024-11-24 00:15:00,2.0,3,"BRFT,PTVL,SOLO"
2024-11-24 00:20:00,2.0,15,"ALIC,BREW,BRFT,DRAO,HOB2,HRAO,MANA,POHN,PTVL,QAQ1,SEYG,SOLO,SUTM,WIND,YAR2"
2024-11-24 00:25:00,2.0,7,"ALIC,BRFT,HOB2,MANA,MGUE,POHN,SOLO"
2024-11-24 00:30:00,2.0,8,"ALIC,BRFT,HOB2,KITG,MANA,POHN,PTVL,SOLO"
2024-11-24 00:35:00,2.0,9,"ALIC,BRFT,HOB2,MANA,MET3,POHN,PTVL,SOLO,UNBD"
2024-11-24 00:40:00,2.0,6,"BRFT,HOB2,MANA,MET3,POHN,PTVL"
2024-11-24 00:45:00,2.0,10,"AREQ,BRFT,DUBO,GODN,HOB2,MANA,MET3,NVSK,POHN,PTVL"
2024-11-24 00:50:00,2.0,9,"ABMF,ALBH,BADG,BRFT,HOB2,MANA,MET3,POHN,PTVL"
2024-11-24 00:55:00,2.0,7,"BADG,BRFT,HOB2,MET3,POHN,PTVL,SOLO"
2024-11-24 01:00:00,2.0,9,"BADG,BRFT,HOB2,LPGS,MANA,MET3,POHN,PTVL,SOLO"
2024-11-24 01:05:00,2.0,8,"BADG,BRFT,HOB2,LPGS,MET3,POHN,PTVL,ZECK"
2024-11-24 01:10:00,2.0,17,"BADG,BREW,BRFT,HLFX,HOB2,HRAO,KRGG,LPGS,MANA,MET3,POHN,PTVL,QAQ1,SEYG,SOLO,WIND,ZECK"
2024-11-24 01:15:00,2.0,9,"BADG,BRFT,LPGS,MANA,MET3,POHN,PTVL,SOLO,ZECK"
2024-11-24 01:20:00,2.0,9,"BADG,BRFT,KITG,LPGS,MET3,POHN,PTVL,SOLO,ZECK"
2024-11-24 01:25:00,2.0,9,"BADG,BRFT,KERG,LPGS,MANA,MET3,PIE1,POHN,ZECK"
2024-11-24 01:30:00,2.0,11,"BADG,BRFT,CHAN,HOB2,LPGS,MET3,PIE1,POHN,PTVL,SOLO,ZECK"
2024-11-24 01:35:00,2.0,17,"AREQ,BADG,BRFT,CAS1,CHAN,GODE,HOB2,LPGS,MET3,NLIB,NVSK,PALM,PIE1,POHN,PTVL,SUTM,ZECK"
2024-11-24 01:40:00,2.0,14,"ABMF,BADG,BRFT,CHAN,CPVG,HOB2,LPGS,MET3,NLIB,NRMD,PIE1,PTVL,WUH2,ZECK"
2024-11-24 01:45:00,2.0,7,"BRFT,CPVG,HOB2,LPGS,MET3,POHN,PTVL"
2024-11-24 01:50:00,2.0,6,"BRFT,HOB2,LPGS,MET3,PTVL,UNBD"
2024-11-24 01:55:00,2.0,7,"BRFT,HOB2,LPGS,MET3,MGUE,POHN,PTVL"
2024-11-24 02:00:00,2.0,11,"BREW,BRFT,HRAO,LPGS,MET3,POHN,PTVL,QAQ1,SEYG,STJO,YELL"
2024-11-24 02:05:00,2.0,8,"BRFT,HOB2,LPGS,MET3,MGUE,POHN,PTVL,SGPO"
2024-11-24 02:10:00,2.0,8,"BRFT,KITG,LPGS,MET3,MGUE,POHN,PTVL,SGPO"
2024-11-24 02:15:00,2.0,7,"BRFT,IMPZ,LPGS,MET3,MGUE,PTVL,SGPO"
2024-11-24 02:20:00,2.0,9,"ALIC,BRFT,IMPZ,LPGS,MET3,MGUE,POHN,PTVL,SGPO"
2024-11-24 02:25:00,2.0,13,"ALIC,AREQ,BRFT,GPST,LPGS,MET3,NVSK,POHN,PTVL,QUIN,SGPO,SUTM,WIND"
2024-11-24 02:30:00,2.0,8,"ABMF,BRFT,LPGS,MET3,POHN,PTVL,QUIN,SGPO"
2024-11-24 02:35:00,2.0,5,"BRFT,LPGS,MET3,POHN,PTVL"
2024-11-24 02:40:00,2.0,4,"BRFT,MET3,PTVL,UNBD"
2024-11-24 02:45:00,2.0,6,"ALIC,BRFT,LPGS,MANA,MET3,PTVL"
2024-11-24 02:50:00,2.0,9,"ALIC,BREW,HRAO,LPGS,MANA,MET3,PTVL,QAQ1,SEYG"
2024-11-24 02:55:00,2.0,5,"ALIC,IMPZ,LPGS,MET3,PTVL"
2024-11-24 03:00:00,2.0,6,"ALIC,IMPZ,KITG,LPGS,MET3,QUIN"
2024-11-24 03:05:00,2.0,6,"ALIC,LPGS,MET3,PTVL,QUIN,TOPL"
2024-11-24 03:10:00,2.0,8,"BRAZ,IMPZ,LPGS,MET3,PTVL,QUIN,SOLO,TOPL"
2024-11-24 03:15:00,2.0,12,"AREQ,BRAZ,CAS1,IMPZ,LPGS,MET3,POHN,PTVL,QUIN,SOLO,SUTM,WIND"
2024-11-24 03:20:00,2.0,9,"ABMF,BRAZ,IMPZ,LPGS,MET3,POHN,PTVL,QUIN,SOLO"
2024-11-24 03:25:00,2.0,8,"BRAZ,HOB2,IMPZ,LPGS,MET3,POHN,QUIN,SOLO"
2024-11-24 03:30:00,2.0,10,"BRAZ,HOB2,IMPZ,LPGS,MET3,POHN,PTVL,QUIN,SOLO,UNBD"
2024-11-24 03:35:00,2.0,7,"ALIC,HOB2,IMPZ,LPGS,MET3,POHN,SOLO"
2024-11-24 03:40:00,2.0,11,"ALIC,BREW,HOB2,HRAO,IMPZ,LPGS,MET3,NVSK,QAQ1,SEYG,SOLO"
2024-11-24 03:45:00,2.0,7,"ALIC,HOB2,LPGS,MET3,PTVL,SOLO,WUH2"
2024-11-24 03:50:00,2.0,7,"ALIC,HOB2,KITG,LPGS,MET3,SALU,SOLO"
2024-11-24 03:55:00,2.0,6,"ALIC,HOB2,LPGS,MET3,SALU,SOLO"
2024-11-24 04:00:00,2.0,4,"HOB2,LPGS,SALU,SOLO"
2024-11-24 04:05:00,2.0,4,"AREQ,LPGS,SALU,SOLO"
2024-11-24 04:30:00,2.0,12,"BREW,CAS1,GODN,HRAO,MAYG,NVSK,PTVL,QAQ1,SEYG,SUTM,WIND,WSRT"
2024-11-24 04:45:00,2.0,3,"HOB2,MET3,UNBD"
2024-11-24 04:55:00,2.0,4,"AREQ,GODE,HOB2,LPGS"
2024-11-24 05:20:00,2.0,9,"BREW,CAS1,HLFX,HRAO,NVSK,QAQ1,SEYG,SUTM,WIND"
2024-11-24 05:35:00,2.0,3,"HLFX,MET3,UNBD"
2024-11-24 05:45:00,2.0,4,"AREQ,HERT,HLFX,YAR2"
2024-11-24 06:10:00,2.0,7,"BREW,HLFX,HRAO,QAQ1,SEYG,SUTM,WHIT"
2024-11-24 06:20:00,2.0,3,"ABMF,HLFX,KITG"
2024-11-24 06:25:00,2.0,3,"HLFX,MET3,UNBD"
2024-11-24 06:35:00,2.0,6,"AREQ,CAS1,HLFX,LPGS,NVSK,WIND"
2024-11-24 07:00:00,2.0,5,"BREW,HLFX,HRAO,QAQ1,SEYG"
2024-11-24 07:10:00,2.0,4,"ABMF,GPST,HLFX,KITG"
2024-11-24 07:15:00,2.0,3,"HLFX,MET3,UNBD"
2024-11-24 07:25:00,2.0,5,"AREQ,HLFX,NVSK,SUTM,WIND"
2024-11-24 07:50:00,2.0,7,"BREW,CAS1,HLFX,HRAO,LPGS,QAQ1,SEYG"
2024-11-24 08:15:00,2.0,3,"AREQ,NVSK,SUTM"
2024-11-24 08:40:00,2.0,5,"BREW,HRAO,QAQ1,SEYG,WIND"
2024-11-24 08:55:00,2.0,3,"JOZ2,MET3,MIKL"
2024-11-24 09:05:00,2.0,5,"ABMF,AREQ,HERT,NVSK,SUTM"
2024-11-24 09:30:00,2.0,10,"BREW,CAS1,HRAO,KIRU,LPGS,PIE1,QAQ1,SEYG,THTG,WIND"
2024-11-24 09:55:00,2.0,6,"ABMF,AREQ,GOP6,MAW1,MET3,NVSK"
2024-11-24 10:20:00,2.0,8,"BREW,CAS1,HRAO,MAW1,MET3,QAQ1,SEYG,SUTM"
2024-11-24 10:25:00,2.0,3,"MAW1,MET3,WUH2"
2024-11-24 10:30:00,2.0,3,"KITG,MAW1,MET3"
2024-11-24 10:35:00,2.0,3,"MAW1,MET3,UNBD"
2024-11-24 10:45:00,2.0,7,"ABMF,AREQ,MAW1,MET3,NVSK,WIND,YAR2"
2024-11-24 11:10:00,2.0,9,"BREW,HRAO,LPGS,MAW1,MET3,QAQ1,SEYG,SUTM,TID1"
2024-11-24 11:15:00,2.0,3,"KOUC,MAW1,MET3"
2024-11-24 11:20:00,2.0,3,"KITG,MET3,NYA2"
2024-11-24 11:25:00,2.0,4,"ALIC,MET3,NYA2,UNBD"
2024-11-24 11:30:00,2.0,3,"ALIC,MAW1,MET3"
2024-11-24 11:35:00,2.0,5,"ABMF,ALIC,AREQ,MET3,WIND"
2024-11-24 11:40:00,2.0,3,"ALIC,MAW1,MET3"
2024-11-24 11:50:00,2.0,3,"GPST,MAW1,MET3"
2024-11-24 12:00:00,2.0,8,"BREW,HRAO,MAW1,MET3,NVSK,QAQ1,SEYG,SUTM"
2024-11-24 12:10:00,2.0,3,"KITG,MAW1,MET3"
2024-11-24 12:15:00,2.0,3,"MAW1,MET3,UNBD"
2024-11-24 12:25:00,2.0,6,"ABMF,AREQ,LPGS,MAW1,MET3,YAR2"
2024-11-24 12:50:00,2.0,9,"BREW,HRAO,LAUT,MAW1,MET3,NVSK,QAQ1,SEYG,WIND"
2024-11-24 12:55:00,2.0,4,"LAUT,MAW1,MET3,WUH2"
2024-11-24 13:00:00,2.0,3,"KITG,MAW1,MET3"
2024-11-24 13:05:00,2.0,5,"LCK4,MAW1,MET3,MIKL,UNBD"
2024-11-24 13:10:00,2.0,3,"LCK4,MAW1,MIKL"
2024-11-24 13:15:00,2.0,9,"ABMF,AREQ,BADG,HLFX,LAUT,LCK4,MAW1,ONSA,SUTM"
2024-11-24 13:20:00,2.0,3,"LAUT,NYA1,POHN"
2024-11-24 13:25:00,2.0,4,"ALIC,LAUT,NYA1,POHN"
2024-11-24 13:35:00,2.0,3,"LAUT,MAW1,POHN"
2024-11-24 13:40:00,2.0,11,"BREW,CAS1,HRAO,KRGG,LPGS,NVSK,OUS2,POHN,QAQ1,SEYG,WARK"
2024-11-24 13:45:00,2.0,5,"ALIC,LAUT,OUS2,POHN,WARK"
2024-11-24 13:50:00,2.0,6,"ALIC,KITG,LAUT,POHN,TUVA,WARK"
2024-11-24 13:55:00,2.0,6,"ALIC,KERG,MET3,POHN,TUVA,WARK"
2024-11-24 14:00:00,2.0,3,"ALIC,POHN,TUVA"
2024-11-24 14:05:00,2.0,9,"ABMF,ALIC,AREQ,MANA,POHN,SUTM,TUVA,WHIT,WIND"
2024-11-24 14:10:00,2.0,4,"ALIC,MAW1,POHN,TUVA"
2024-11-24 14:15:00,2.0,4,"ALIC,MAW1,POHN,TUVA"
2024-11-24 14:20:00,2.0,5,"ALIC,MAW1,POHN,TUVA,UNBD"
2024-11-24 14:25:00,2.0,5,"ALIC,LAUT,MAW1,POHN,TUVA"
2024-11-24 14:30:00,2.0,10,"ALIC,BREW,CAS1,HRAO,LAUT,MAW1,NVSK,QAQ1,SEYG,TUVA"
2024-11-24 14:35:00,2.0,4,"ALIC,LAUT,POHN,TUVA"
2024-11-24 14:40:00,2.0,5,"ALIC,KITG,LAUT,POHN,TUVA"
2024-11-24 14:45:00,2.0,6,"ALIC,LAUT,MAW1,MET3,POHN,TUVA"
2024-11-24 14:50:00,2.0,6,"ALIC,LAUT,MAW1,POHN,TID1,TUVA"
2024-11-24 14:55:00,2.0,10,"ABMF,ALIC,AREQ,LPGS,MAW1,MAYG,SUTM,TID1,TUVA,WIND"
2024-11-24 15:00:00,2.0,5,"MAW1,POHN,TID1,TUVA,WUH2"
2024-11-24 15:05:00,2.0,7,"ALGO,ALIC,MAW1,POHN,SVTL,TID1,TUVA"
2024-11-24 15:10:00,2.0,6,"ALIC,MAW1,POHN,TID1,TUVA,UNBD"
2024-11-24 15:15:00,2.0,5,"GPST,LAUT,MAW1,POHN,TID1"
2024-11-24 15:20:00,2.0,9,"BREW,HRAO,MAW1,NVSK,POHN,QAQ1,SEYG,TID1,TUVA"
2024-11-24 15:25:00,2.0,3,"MAW1,POHN,TID1"
2024-11-24 15:30:00,2.0,4,"KITG,LAUT,MAW1,POHN"
2024-11-24 15:35:00,2.0,3,"LAUT,MET3,POHN"
2024-11-24 15:40:00,2.0,4,"LAUT,MAW1,POHN,WUH2"
2024-11-24 15:45:00,2.0,9,"ABMF,ALIC,AREQ,CAS1,LAUT,MAW1,POHN,WUH2,YAR2"
2024-11-24 15:50:00,2.0,5,"ALIC,MAW1,POHN,SCUB,WUH2"
2024-11-24 15:55:00,2.0,5,"ALIC,LAUT,MAW1,POHN,WUH2"
2024-11-24 16:00:00,2.0,6,"ALIC,HRAO,LCK4,MAW1,POHN,WUH2"
2024-11-24 16:05:00,2.0,6,"ALIC,HRAO,LCK4,MAW1,POHN,WUH2"
2024-11-24 16:10:00,2.0,15,"ALIC,BREW,HRAO,LAUT,LCK4,LPGS,MAW1,NVSK,POHN,QAQ1,SEYG,SUTM,TUVA,WIND,WUH2"
2024-11-24 16:15:00,2.0,6,"HRAO,LAUT,LCK4,MAW1,POHN,WUH2"
2024-11-24 16:20:00,2.0,7,"ALIC,HRAO,KITG,LAUT,MAW1,POHN,WUH2"
2024-11-24 16:25:00,2.0,9,"ALIC,BRUX,HRAO,LAUT,MAW1,MET3,POHN,UNBD,WUH2"
2024-11-24 16:30:00,2.0,6,"ALIC,HRAO,KOUG,MAW1,POHN,WUH2"
2024-11-24 16:35:00,2.0,7,"ABMF,ALIC,AREQ,HRAO,MAW1,POHN,WUH2"
2024-11-24 16:40:00,2.0,7,"HRAO,MAJU,MAW1,MGUE,POHN,TUVA,WUH2"
2024-11-24 16:45:00,2.0,6,"ALIC,HRAO,MAJU,MAW1,POHN,WUH2"
2024-11-24 16:50:00,2.0,7,"ALIC,HRAO,LAUT,MAJU,MAW1,POHN,WUH2"
2024-11-24 16:55:00,2.0,8,"ALIC,HRAO,JOG2,LAUT,MAJU,MAW1,POHN,WUH2"
2024-11-24 17:00:00,2.0,15,"ALIC,BREW,HRAO,MAJU,MAW1,NVSK,POHN,QAQ1,SEYG,SUTM,THTG,TUVA,WIND,WUH2,YAR2"
2024-11-24 17:05:00,2.0,8,"ALIC,GPST,HRAO,JOG2,MAJU,MAW1,POHN,WUH2"
2024-11-24 17:10:00,2.0,8,"ALIC,HRAO,JOG2,KITG,MAJU,MAW1,TUVA,WUH2"
2024-11-24 17:15:00,2.0,9,"HRAO,JOG2,LAUT,MAJU,MAW1,MET3,POHN,TUVA,UNBD"
2024-11-24 17:20:00,2.0,7,"HRAO,JOG2,LAUT,MAJU,MAW1,POHN,TUVA"
2024-11-24 17:25:00,2.0,14,"ABMF,AREQ,CAS1,DUBO,GODN,HRAO,LAUT,LPGS,MAJU,MAW1,MKEA,POHN,TUVA,WUH2"
2024-11-24 17:30:00,2.0,7,"HRAO,JOG2,LAUT,MAJU,MAW1,POHN,WUH2"
2024-11-24 17:35:00,2.0,9,"HRAO,JOG2,LAUT,MAJU,MAW1,NICO,POHN,TUVA,WUH2"
2024-11-24 17:40:00,2.0,6,"HRAO,JOG2,LAUT,POHN,TUVA,WUH2"
2024-11-24 17:45:00,2.0,8,"AJAC,HRAO,JOG2,LAUT,MAJU,POHN,TUVA,WUH2"
2024-11-24 17:50:00,2.0,12,"AJAC,BREW,HRAO,JOG2,MAJU,NVSK,POHN,QAQ1,SEYG,SUTM,TUVA,WUH2"
2024-11-24 17:55:00,2.0,5,"HRAO,JOG2,MAJU,TUVA,WUH2"
2024-11-24 18:00:00,2.0,9,"ALGO,BAKE,HRAO,JOG2,KITG,MAJU,MAW1,TUVA,WUH2"
2024-11-24 18:05:00,2.0,9,"BAKE,HRAO,JOG2,MAJU,MAW1,MET3,TUVA,UNBD,WUH2"
2024-11-24 18:10:00,2.0,8,"ALGO,BAKE,HRAO,JOG2,MAJU,MAW1,TUVA,WUH2"
2024-11-24 18:15:00,2.0,14,"ABMF,ALGO,AREQ,BAKE,GODE,HRAO,JOG2,MAJU,MAW1,POHN,TUVA,WIND,WUH2,YAR2"
2024-11-24 18:20:00,2.0,6,"BAKE,HRAO,MAJU,MAW1,POHN,WUH2"
2024-11-24 18:25:00,2.0,7,"ALIC,HRAO,LAUT,MAJU,MAW1,POHN,WUH2"
2024-11-24 18:30:00,2.0,7,"ALIC,GPST,HRAO,JOZ2,LAUT,POHN,WUH2"
2024-11-24 18:35:00,2.0,3,"HRAO,POHN,WUH2"
2024-11-24 18:40:00,2.0,10,"BREW,FUNC,HRAO,LAUT,LPGS,MAJU,POHN,QAQ1,SEYG,WUH2"
2024-11-24 18:45:00,2.0,6,"FUNC,HRAO,MAJU,POHN,TUVA,WUH2"
2024-11-24 18:50:00,2.0,8,"HRAO,KIRI,KITG,LAUT,MAJU,POHN,TUVA,WUH2"
2024-11-24 18:55:00,2.0,5,"HRAO,MAJU,MET3,POHN,WUH2"
2024-11-24 19:00:00,2.0,4,"HRAO,LPGS,MAJU,MET3"
2024-11-24 19:05:00,2.0,16,"ABMF,ALIC,AREQ,CAS1,HERT,HLFX,HRAO,KIRU,LPGS,MAJU,MET3,MIKL,NVSK,POHN,SUTM,WIND"
2024-11-24 19:10:00,2.0,5,"ALIC,HRAO,LPGS,MAJU,MET3"
2024-11-24 19:15:00,2.0,7,"ALIC,HRAO,LPGS,MAJU,MET3,POHN,TUVA"
2024-11-24 19:20:00,2.0,7,"ALIC,CKIS,LPGS,MAJU,MET3,TUVA,UNBD"
2024-11-24 19:25:00,2.0,7,"ALIC,CKIS,LPGS,MAJU,MET3,POHN,TUVA"
2024-11-24 19:30:00,2.0,10,"ALIC,BAKE,BREW,CKIS,GOP6,LPGS,MET3,POHN,QAQ1,SEYG"
2024-11-24 19:35:00,2.0,5,"ALIC,LPGS,MAJU,MET3,POHN"
2024-11-24 19:40:00,2.0,6,"KITG,LPGS,MAJU,MET3,POHN,TUVA"
2024-11-24 19:45:00,2.0,6,"LPGS,MAJU,MET3,POHN,TONG,TUVA"
2024-11-24 19:50:00,2.0,4,"LPGS,MAJU,MET3,TONG"
2024-11-24 19:55:00,2.0,8,"ABMF,AREQ,HRAO,LPGS,MAJU,MET3,NVSK,TONG"
2024-11-24 20:00:00,2.0,4,"LPGS,MAJU,MET3,WUH2"
2024-11-24 20:05:00,2.0,4,"LPGS,MAJU,MET3,POHN"
2024-11-24 20:10:00,2.0,7,"GODN,LAUT,LPGS,MAJU,MET3,POHN,UNBD"
2024-11-24 20:15:00,2.0,8,"ALIC,GODN,LAUT,LPGS,MAJU,MET3,POHN,TONG"
2024-11-24 20:20:00,2.0,12,"ALIC,BREW,CAS1,GODN,LPGS,MAJU,MET3,POHN,QAQ1,SEYG,SUTM,TONG"
2024-11-24 20:25:00,2.0,6,"ALIC,GODN,LPGS,MAJU,MET3,POHN"
2024-11-24 20:30:00,2.0,6,"GODN,KITG,LPGS,MAJU,MET3,POHN"
2024-11-24 20:35:00,2.0,6,"GODN,MAJU,MET3,MIKL,POHN,TONG"
2024-11-24 20:40:00,2.0,7,"GODN,LPGS,MAJU,MET3,MIKL,POHN,TONG"
2024-11-24 20:45:00,2.0,9,"ABMF,AREQ,GODN,HRAO,LPGS,MAJU,MET3,NVSK,POHN"
2024-11-24 20:50:00,2.0,7,"GODN,LPGS,MAJU,MET3,POHN,TONG,TUVA"
2024-11-24 20:55:00,2.0,7,"CKIS,LPGS,MAJU,MET3,POHN,TONG,TUVA"
2024-11-24 21:00:00,2.0,8,"CKIS,LPGS,MAJU,MET3,POHN,TONG,TUVA,UNBD"
2024-11-24 21:05:00,2.0,4,"LPGS,MET3,POHN,TONG"
2024-11-24 21:10:00,2.0,7,"BREW,LPGS,MAJU,MET3,QAQ1,SEYG,SUTM"
2024-11-24 21:15:00,2.0,4,"CPVG,LPGS,MAJU,MET3"
2024-11-24 21:20:00,2.0,7,"CPVG,KITG,LMMF,LPGS,MAJU,MET3,PIMO"
2024-11-24 21:25:00,2.0,4,"LMMF,LPGS,MAJU,MET3"
2024-11-24 21:30:00,2.0,5,"LMMF,LPGS,MAJU,MET3,TONG"
2024-11-24 21:35:00,2.0,10,"ABMF,AREQ,CKIS,HRAO,LPGS,MAJU,MET3,NVSK,THTG,TONG"
2024-11-24 21:40:00,2.0,5,"LPGS,MAJU,MET3,TONG,TUVA"
2024-11-24 21:45:00,2.0,4,"LPGS,MAJU,MET3,TUVA"
2024-11-24 21:50:00,2.0,4,"LPGS,MAJU,MET3,TUVA"
2024-11-24 21:55:00,2.0,5,"CKIS,LPGS,MAJU,MET3,TUVA"
2024-11-24 22:00:00,2.0,11,"BREW,CAS1,FUNC,LPGS,MAJU,MET3,QAQ1,SEYG,TONG,TUVA,WHIT"
2024-11-24 22:05:00,2.0,7,"FUNC,LPGS,MAJU,MET3,TONG,TUVA,WUH2"
2024-11-24 22:10:00,2.0,6,"KITG,LPGS,MAJU,MET3,TONG,TUVA"
2024-11-24 22:15:00,2.0,6,"LPGS,MAJU,MET3,TONG,TUVA,UNBD"
2024-11-24 22:20:00,2.0,3,"CKIS,MAJU,TUVA"
2024-11-24 22:25:00,2.0,20,"ABMF,ANTC,AREQ,BADG,CKIS,HERS,HRAO,JOG2,KOUC,MAJU,NICO,NVSK,PIE1,POHN,SUTM,SVTL,TONG,TUVA,YELL,ZECK"
2024-11-24 22:30:00,2.0,13,"BADG,BRFT,CKIS,HERS,JOG2,MAJU,PIE1,POHN,SVTL,TONG,TUVA,YELL,ZECK"
2024-11-24 22:35:00,2.0,12,"BADG,BRFT,CKIS,HERS,HERT,MAJU,PIE1,POHN,TONG,TUVA,YELL,ZECK"
2024-11-24 22:40:00,2.0,12,"BADG,BRAZ,BRFT,CKIS,HERS,MAJU,PIE1,POHN,TONG,TUVA,YELL,ZECK"
2024-11-24 22:45:00,2.0,11,"BADG,BRAZ,BRFT,CKIS,HERS,JOG2,MAJU,PIE1,TONG,TUVA,YELL"
2024-11-24 22:50:00,2.0,12,"BADG,BREW,BRFT,HERS,JOG2,MAJU,PIE1,QAQ1,SEYG,TONG,TUVA,YELL"
2024-11-24 22:55:00,2.0,8,"BADG,BRFT,HERS,MAJU,PIE1,TONG,TUVA,YELL"
2024-11-24 23:00:00,2.0,9,"BADG,BRFT,HERS,KITG,MAJU,TONG,TUVA,UFPR,YELL"
2024-11-24 23:05:00,2.0,8,"BADG,BRFT,MAJU,TONG,TUVA,UFPR,UNBD,YELL"
2024-11-24 23:10:00,2.0,6,"BADG,BRFT,MAJU,TONG,TUVA,UFPR"
2024-11-24 23:15:00,2.0,12,"ABMF,AREQ,CAS1,HRAO,LMMF,LPGS,MAJU,NVSK,SUTM,TONG,TUVA,UFPR"
2024-11-24 23:20:00,2.0,3,"LMMF,MAJU,TUVA"
2024-11-24 23:25:00,2.0,4,"GUAT,LMMF,MAJU,TUVA"
2024-11-24 23:30:00,2.0,5,"BRFT,LMMF,MAJU,MET3,TONG"
2024-11-24 23:35:00,2.0,3,"BRFT,LMMF,TONG"
2024-11-24 23:40:00,2.0,8,"BREW,BRFT,CKIS,LMMF,QAQ1,SEYG,TONG,TUVA"
2024-11-24 23:45:00,2.0,4,"ALBH,BRFT,CKIS,LMMF"
2024-11-24 23:50:00,2.0,5,"BRFT,CKIS,KITG,LMMF,POVE"
2024-11-24 23:55:00,2.0,9,"BRFT,CKIS,GPST,LMMF,MAJU,POVE,TIDB,TONG,UNBD"
2024-11-25 00:00:00,2.0,7,"BRFT,CKIS,GPST,LMMF,MAJU,POVE,TONG"
2024-11-25 00:05:00,2.0,9,"AREQ,BADG,BRFT,GPST,HRAO,LMMF,MAJU,SUTM,TOPL"
2024-11-25 00:10:00,2.0,5,"BRFT,GPST,MAJU,TONG,WUH2"
2024-11-25 00:15:00,2.0,3,"BRFT,MAJU,TONG"
2024-11-25 00:20:00,2.0,5,"BRFT,LMMF,MAJU,MET3,TONG"
2024-11-25 00:25:00,2.0,3,"BRFT,MAJU,TONG"
2024-11-25 00:30:00,2.0,10,"BREW,BRFT,GAMB,LMMF,LPGS,MAJU,NVSK,QAQ1,SEYG,TONG"
2024-11-25 00:35:00,2.0,3,"BRFT,MAJU,TONG"
2024-11-25 00:40:00,2.0,3,"BRFT,KITG,WIND"
2024-11-25 00:45:00,2.0,3,"BRFT,MAJU,TONG"
2024-11-25 00:55:00,2.0,6,"AREQ,BRFT,CKIS,HLFX,HRAO,MANA"
2024-11-25 01:00:00,2.0,6,"BADG,BRFT,CKIS,MAJU,TONG,TUVA"
2024-11-25 01:05:00,2.0,7,"BADG,BRFT,CKIS,LMMF,PIE1,TONG,TUVA"
2024-11-25 01:10:00,2.0,11,"BADG,BRFT,CKIS,HERS,LMMF,MET3,PIE1,TONG,TUVA,UNBD,YELL"
2024-11-25 01:15:00,2.0,8,"BADG,BRFT,CKIS,HERS,LMMF,PIE1,TUVA,YELL"
2024-11-25 01:20:00,2.0,16,"BADG,BAKE,BREW,BRFT,CAS1,CKIS,HERS,HERT,LMMF,NVSK,PIE1,QAQ1,SEYG,SUTM,TUVA,YELL"
2024-11-25 01:25:00,2.0,10,"BADG,BRFT,CKIS,HERS,LMMF,MAJU,PIE1,TUVA,YELL,ZECK"
2024-11-25 01:30:00,2.0,12,"BADG,BRFT,CKIS,HERS,KITG,LMMF,MAJU,PIE1,TUVA,WIND,YELL,ZECK"
2024-11-25 01:35:00,2.0,11,"ABMF,BADG,BRFT,CKIS,HERS,LMMF,MAJU,PIE1,TUVA,YELL,ZECK"
2024-11-25 01:40:00,2.0,16,"BADG,BRFT,CHTI,CKIS,HERS,JDPR,LMMF,MAJU,PIE1,POAL,RGDG,TIDB,TONG,TUVA,YELL,ZECK"
2024-11-25 01:45:00,2.0,8,"AREQ,BRFT,CKIS,HRAO,LMMF,LPGS,MAJU,TUVA"
2024-11-25 01:50:00,2.0,4,"BRFT,CKIS,LMMF,TUVA"
2024-11-25 01:55:00,2.0,3,"BRFT,CKIS,LMMF"
2024-11-25 02:00:00,2.0,5,"BRFT,CKIS,LMMF,MET3,UNBD"
2024-11-25 02:10:00,2.0,8,"BREW,BRFT,LMMF,NVSK,QAQ1,SEYG,SUTM,TONG"
2024-11-25 02:15:00,2.0,4,"BRFT,LMMF,TONG,TUVA"
2024-11-25 02:20:00,2.0,4,"BRFT,KITG,LMMF,TONG"
2024-11-25 02:25:00,2.0,6,"ABMF,BRFT,CKIS,LMMF,TONG,TUVA"
2024-11-25 02:30:00,2.0,5,"BRFT,CKIS,LMMF,TONG,TUVA"
2024-11-25 02:35:00,2.0,7,"AREQ,BRFT,CKIS,HRAO,MKEA,TONG,TUVA"
2024-11-25 02:40:00,2.0,4,"BRFT,CKIS,TUVA,WUH2"
2024-11-25 02:45:00,2.0,3,"CKIS,GUAT,WIND"
2024-11-25 02:50:00,2.0,3,"MET3,TONG,UNBD"
2024-11-25 03:00:00,2.0,6,"BREW,CAS1,LPGS,QAQ1,SEYG,TONG"
2024-11-25 03:10:00,2.0,4,"CKIS,DUBO,KITG,LMMF"
2024-11-25 03:15:00,2.0,4,"ABMF,CKIS,DUBO,LMMF"
2024-11-25 03:20:00,2.0,3,"CKIS,DUBO,LMMF"
2024-11-25 03:25:00,2.0,8,"AREQ,BOGT,CKIS,DUBO,HRAO,NVSK,SUTM,WHIT"
2024-11-25 03:35:00,2.0,3,"BOGT,DUBO,WIND"
2024-11-25 03:40:00,2.0,5,"BOGT,DUBO,LMMF,MET3,UNBD"
2024-11-25 03:45:00,2.0,3,"BOGT,DUBO,LMMF"
2024-11-25 03:50:00,2.0,7,"BOGT,BREW,DUBO,LMMF,QAQ1,SCUB,SEYG"
2024-11-25 03:55:00,2.0,4,"BOGT,DUBO,LMMF,MET3"
2024-11-25 04:00:00,2.0,5,"BOGT,DUBO,KITG,LMMF,MET3"
2024-11-25 04:05:00,2.0,5,"ABMF,BOGT,DUBO,LMMF,MET3"
2024-11-25 04:10:00,2.0,3,"DUBO,MET3,PARK"
2024-11-25 04:15:00,2.0,7,"AREQ,CAS1,DUBO,HRAO,LPGS,MET3,SUTM"
2024-11-25 04:40:00,2.0,5,"BREW,MET3,NVSK,QAQ1,SEYG"
2024-11-25 04:50:00,2.0,3,"KITG,MET3,WIND"
2024-11-25 04:55:00,2.0,4,"ABMF,GPST,MET3,UNBD"
2024-11-25 05:05:00,2.0,3,"AREQ,HRAO,MET3"
2024-11-25 05:15:00,2.0,3,"BREW,MET3,SVTL"
2024-11-25 05:20:00,2.0,3,"BREW,MET3,SVTL"
2024-11-25 05:25:00,2.0,3,"BREW,MET3,SVTL"
2024-11-25 05:30:00,2.0,6,"BREW,GODE,MET3,NVSK,QAQ1,SEYG"
2024-11-25 05:35:00,2.0,3,"ALBH,BREW,MET3"
2024-11-25 05:40:00,2.0,3,"BREW,KITG,MET3"
2024-11-25 05:45:00,2.0,4,"ABMF,BREW,MET3,UNBD"
2024-11-25 05:55:00,2.0,7,"AREQ,BREW,CAS1,HRAO,LPGS,MET3,SUTM"
2024-11-25 06:05:00,2.0,3,"BREW,MET3,WIND"
2024-11-25 06:20:00,2.0,6,"BREW,HLFX,MET3,NVSK,QAQ1,SEYG"
2024-11-25 06:30:00,2.0,3,"BREW,KITG,MET3"
2024-11-25 06:35:00,2.0,3,"ABMF,BREW,MET3"
2024-11-25 06:45:00,2.0,6,"AREQ,BREW,GODN,HRAO,MET3,SUTM"
2024-11-25 06:50:00,2.0,3,"BREW,MET3,WUH2"
2024-11-25 06:55:00,2.0,3,"BREW,MET3,WIND"
2024-11-25 07:00:00,2.0,3,"BREW,MET3,UNBD"
2024-11-25 07:10:00,2.0,6,"BREW,CAS1,KIRU,MET3,QAQ1,SEYG"
2024-11-25 07:35:00,2.0,7,"AREQ,BREW,DUBO,HRAO,LPGS,NVSK,SUTM"
2024-11-25 07:45:00,2.0,3,"BREW,COCO,KIT3"
2024-11-25 07:50:00,2.0,6,"BREW,COCO,KARR,MET3,UNBD,YAR3"
2024-11-25 07:55:00,2.0,4,"BREW,COCO,KARR,YAR3"
2024-11-25 08:00:00,2.0,4,"BREW,QAQ1,SEYG,YAR3"
2024-11-25 08:10:00,2.0,4,"BREW,DAV1,KITG,WIND"
2024-11-25 08:15:00,2.0,6,"ABMF,BREW,DARW,DAV1,KAT1,YAR3"
2024-11-25 08:20:00,2.0,5,"BREW,DARW,DAV1,KAT1,YAR3"
2024-11-25 08:25:00,2.0,8,"AREQ,BREW,DARW,DAV1,HRAO,KAT1,NVSK,YAR3"
2024-11-25 08:35:00,2.0,4,"ALIC,BREW,COCO,DARW"
2024-11-25 08:40:00,2.0,5,"ALIC,BREW,COCO,DARW,UNBD"
2024-11-25 08:45:00,2.0,3,"BREW,COCO,DARW"
2024-11-25 08:50:00,2.0,7,"BREW,CAS1,COCO,DARW,DAV1,SEYG,SUTM"
2024-11-25 08:55:00,2.0,6,"ALIC,BREW,COCO,DARW,DAV1,WUH2"
2024-11-25 09:00:00,2.0,8,"ALIC,BREW,COCO,DARW,DAV1,HERT,KITG,WIND"
2024-11-25 09:05:00,2.0,7,"ABMF,ALIC,BREW,DARW,DAV1,MET3,MOBS"
2024-11-25 09:10:00,2.0,8,"ALIC,BREW,COCO,DARW,DAV1,HOB2,MOBS,YAR3"
2024-11-25 09:15:00,2.0,13,"ALIC,AREQ,BREW,COCO,DARW,DAV1,HOB2,HRAO,LPGS,MOBS,NVSK,QAQ1,YAR3"
2024-11-25 09:20:00,2.0,10,"ALIC,BREW,COCO,DAV1,HOB2,MAC1,PARK,TID1,TOW2,YAR3"
2024-11-25 09:25:00,2.0,6,"BREW,COCO,HOB2,MAC1,PARK,TID1"
2024-11-25 09:30:00,2.0,7,"BREW,COCO,DAV1,MAC1,PARK,TID1,UNBD"
2024-11-25 09:35:00,2.0,4,"BREW,COCO,DAV1,MAC1"
2024-11-25 09:40:00,2.0,5,"BREW,COCO,DAV1,SEYG,SUTM"
2024-11-25 09:45:00,2.0,3,"BREW,DAV1,HOB2"
2024-11-25 09:50:00,2.0,7,"BREW,DAV1,GPST,HOB2,KARR,KITG,TOW2"
2024-11-25 09:55:00,2.0,9,"ABMF,BREW,DAV1,HOB2,KARR,MAC1,MET3,TOW2,YAR3"
2024-11-25 10:00:00,2.0,7,"BREW,DAV1,HOB2,KARR,MAC1,MOBS,TOW2"
2024-11-25 10:05:00,2.0,12,"AREQ,BREW,CAS1,COCO,GPST,HOB2,HRAO,MOBS,PARK,QAQ1,TOW2,YAR3"
2024-11-25 10:10:00,2.0,7,"ALIC,BREW,DAV1,MOBS,PARK,TOW2,YAR3"
2024-11-25 10:15:00,2.0,8,"BREW,COCO,DARW,DAV1,MAC1,MAW1,WIND,YAR3"
2024-11-25 10:20:00,2.0,9,"BREW,COCO,DARW,DAV1,KARR,KAT1,MAC1,MAW1,YAR3"
2024-11-25 10:25:00,2.0,6,"BREW,DAV1,KARR,MAC1,MAW1,YAR3"
2024-11-25 10:30:00,2.0,10,"BREW,DAV1,HOB2,KARR,MAC1,NVSK,SEYG,SUTM,WHIT,YAR3"
2024-11-25 10:35:00,2.0,8,"BREW,HOB2,KARR,MAC1,MOBS,PARK,PTVL,YAR3"
2024-11-25 10:40:00,2.0,10,"BREW,DAV1,HOB2,JOG2,KITG,MAC1,MAW1,MOBS,PTVL,SOLO"
2024-11-25 10:45:00,2.0,11,"ABMF,BREW,DAV1,HOB2,MAW1,MET3,MONP,PTVL,SOLO,TID1,UNBD"
2024-11-25 10:50:00,2.0,8,"BREW,DAV1,HOB2,MAC1,MAW1,PARK,SOLO,TID1"
2024-11-25 10:55:00,2.0,11,"AREQ,BREW,CAS1,DAV1,HOB2,HRAO,LPGS,MAC1,MAW1,QAQ1,TID1"
2024-11-25 11:00:00,2.0,6,"BREW,DAV1,HOB2,MAW1,SOLO,WUH2"
2024-11-25 11:05:00,2.0,9,"BREW,COCO,DAV1,HOB2,LAUT,MAC1,MAW1,MOBS,WIND"
2024-11-25 11:10:00,2.0,14,"BREW,COCO,DAV1,HOB2,JOZ2,KARR,LAUT,MAC1,MAW1,MOBS,TID1,TUVA,WUH2,YAR3"
2024-11-25 11:15:00,2.0,11,"BREW,COCO,DAV1,KARR,LAUT,MAC1,MAW1,NAUR,TUVA,WUH2,YAR3"
2024-11-25 11:20:00,2.0,13,"BREW,DAV1,GOP6,HOB2,LAUT,MAC1,MAW1,NAUR,NVSK,SEYG,TUVA,WUH2,YAR3"
2024-11-25 11:25:00,2.0,14,"ALIC,BREW,DAV1,HOB2,KAT1,KIRI,LAUT,MAC1,MAW1,NAUR,TID1,TUVA,WUH2,YAR3"
2024-11-25 11:30:00,2.0,14,"BREW,COCO,DAV1,KARR,KIRI,KITG,LAUT,MAC1,MAW1,NAUR,TOW2,TUVA,WUH2,YAR3"
2024-11-25 11:35:00,2.0,17,"ABMF,ALIC,BREW,COCO,DAV1,KAT1,KIRI,MAC1,MET3,MOBS,NAUR,POHN,SOLO,TID1,TUVA,UNBD,WUH2"
2024-11-25 11:40:00,2.0,16,"ALIC,BREW,DARW,DAV1,HOB2,KAT1,KIRI,MAC1,MAW1,MOBS,NAUR,PARK,POHN,TID1,TUVA,WUH2"
2024-11-25 11:45:00,2.0,18,"ALIC,AREQ,BREW,DARW,DAV1,DUBO,HLFX,HOB2,HRAO,KIRI,MAC1,MOBS,POHN,QAQ1,SUTM,TID1,TUVA,WUH2"
2024-11-25 11:50:00,2.0,13,"ALIC,BREW,COCO,DARW,DAV1,HOB2,MAC1,MAW1,MOBS,PARK,POHN,TID1,WUH2"
2024-11-25 11:55:00,2.0,15,"ALIC,BREW,DARW,DAV1,HOB2,LAUT,MAC1,MAW1,MOBS,PARK,POHN,SOLO,TID1,TOW2,WUH2"
2024-11-25 12:00:00,2.0,14,"ALIC,BREW,DARW,DAV1,HOB2,KAT1,MAC1,MAW1,MOBS,PARK,POHN,SOLO,TID1,WUH2"
2024-11-25 12:05:00,2.0,12,"BREW,DARW,LAUT,MAC1,MAW1,MOBS,PARK,POHN,SOLO,TID1,TOW2,WUH2"
2024-11-25 12:10:00,2.0,17,"BREW,CAS1,DARW,HOB2,KIRU,LAUT,MAW1,MOBS,NAUR,NVSK,PARK,POHN,SEYG,SOLO,TID1,TOW2,WUH2"
2024-11-25 12:15:00,2.0,14,"ALIC,BREW,DARW,HOB2,LAUT,MAC1,MAW1,MOBS,PARK,POHN,SOLO,TID1,TOW2,WUH2"
2024-11-25 12:20:00,2.0,15,"ALIC,BREW,DARW,HOB2,KITG,LAUT,MAC1,MAW1,MOBS,PARK,SOLO,TID1,TOW2,WIND,WUH2"
2024-11-25 12:25:00,2.0,18,"ABMF,ALIC,BREW,DARW,HOB2,KIRI,MAC1,MAW1,MET3,MOBS,PARK,PTVL,SOLO,TID1,TOW2,UNBD,WUH2,YAR3"
2024-11-25 12:30:00,2.0,18,"ALIC,BREW,DARW,HOB2,KIRI,MAC1,MAW1,MET3,MOBS,PARK,POHN,PTVL,SOLO,TID1,TOW2,TUVA,WUH2,YAR3"
2024-11-25 12:35:00,2.0,23,"ALIC,AREQ,BREW,DARW,HOB2,HRAO,KARR,KIRI,LPGS,MAC1,MAW1,MET3,MOBS,PARK,POHN,PTVL,QAQ1,SOLO,SUTM,TID1,TOW2,WUH2,YAR3"
2024-11-25 12:40:00,2.0,16,"ALIC,BREW,HOB2,KARR,KIRI,MAC1,MAW1,MET3,NAUR,PARK,PTVL,SALU,SOLO,TID1,TUVA,WUH2"
2024-11-25 12:45:00,2.0,16,"BREW,DARW,DAV1,KARR,KIRI,LAUT,MAC1,MAW1,MET3,NAUR,PARK,POHN,PTVL,SOLO,TID1,TUVA"
2024-11-25 12:50:00,2.0,17,"BREW,COCO,DAV1,HOB2,KARR,KIRI,LAUT,MAC1,MAW1,MET3,NAUR,PARK,PTVL,SOLO,TID1,WUH2,YAR3"
2024-11-25 12:55:00,2.0,14,"BREW,DAV1,HOB2,KIRI,LAUT,MAC1,MAW1,MET3,PARK,PTVL,SOLO,TUVA,WUH2,YAR3"
2024-11-25 13:00:00,2.0,17,"BREW,DAV1,HOB2,KIRI,LAUT,MAC1,MAW1,MET3,MOBS,NAUR,NVSK,PTVL,SEYG,SOLO,TUVA,WUH2,YAR3"
2024-11-25 13:05:00,2.0,15,"BREW,DAV1,HOB2,KIRI,LAUT,MAC1,MAW1,MET3,MOBS,PARK,PTVL,SOLO,TUVA,WUH2,YAR3"
2024-11-25 13:10:00,2.0,19,"BREW,DARW,HOB2,KARR,KIRI,KITG,LAUT,MAC1,MAW1,MET3,NAUR,PTVL,SOLO,TID1,TOW2,TUVA,WIND,WUH2,YAR3"
2024-11-25 13:15:00,2.0,18,"ABMF,ALIC,BREW,DARW,DAV1,KIRI,LAUT,MAC1,MAW1,MET3,NAUR,PTVL,SOLO,TID1,TOW2,TUVA,WUH2,YAR3"
2024-11-25 13:20:00,2.0,15,"BELE,BREW,DAV1,KIRI,LAUT,MAW1,MET3,NAUR,PTVL,SOLO,TID1,TOW2,TUVA,WUH2,YAR3"
2024-11-25 13:25:00,2.0,19,"AREQ,BREW,DARW,HRAO,KARR,KIRI,LAUT,LPGS,MAW1,MET3,NAUR,POHN,PTVL,QAQ1,SOLO,TOW2,TUVA,WUH2,YAR3"
2024-11-25 13:30:00,2.0,16,"BREW,DAV1,KIRI,LAUT,LPGS,MAW1,MET3,NAUR,POHN,PTVL,SOLO,TID1,TOW2,TUVA,WUH2,YAR3"
2024-11-25 13:35:00,2.0,17,"BREW,DARW,DAV1,KARR,KIRI,LAUT,LPGS,MAJU,MAW1,MET3,NAUR,POHN,PTVL,TOW2,TUVA,WUH2,YAR3"
2024-11-25 13:40:00,2.0,18,"BREW,DARW,DAV1,HOB2,KAT1,KIRI,LAUT,LPGS,MAJU,MAW1,MET3,NAUR,PTVL,SOLO,TOW2,TUVA,UNBD,WUH2"
2024-11-25 13:45:00,2.0,19,"BREW,DARW,DAV1,HOB2,KARR,KIRI,LAUT,LPGS,MAC1,MAJU,MAW1,MET3,NAUR,PTVL,SOLO,TID1,TOW2,TUVA,WUH2"
2024-11-25 13:50:00,2.0,22,"BREW,CAS1,DARW,DAV1,HOB2,KARR,LAUT,LPGS,MAJU,MAW1,MET3,NAUR,NVSK,OUS2,POHN,PTVL,REDU,SEYG,SOLO,SUTM,TUVA,WUH2"
2024-11-25 13:55:00,2.0,20,"BREW,DAV1,HOB2,KIRI,LAUT,LPGS,MAC1,MAJU,MAW1,MET3,MOBS,NAUR,PARK,POHN,PTVL,SOLO,TOW2,TUVA,WARK,WUH2"
2024-11-25 14:00:00,2.0,20,"BREW,DAV1,KIRI,KITG,LAUT,LPGS,MAC1,MAJU,MAW1,MET3,MOBS,NAUR,OUS2,PARK,POHN,PTVL,SOLO,TOW2,TUVA,WUH2"
2024-11-25 14:05:00,2.0,20,"ABMF,BREW,COCO,DAV1,HOB2,KIRI,LAUT,LPGS,MAJU,MAW1,MET3,MOBS,NAUR,OUS2,PARK,PTVL,SOLO,TID1,TUVA,WUH2"
2024-11-25 14:10:00,2.0,16,"BREW,DAV1,HOB2,KIRI,LPGS,MAC1,MAJU,MAW1,MET3,NAUR,PARK,POHN,SOLO,TID1,TUVA,WUH2"
2024-11-25 14:15:00,2.0,20,"AREQ,BREW,DAV1,HOB2,HRAO,KIRI,LAUT,LPGS,MAC1,MAJU,MAW1,MET3,MOBS,NAUR,POHN,QAQ1,SOLO,TID1,TUVA,WUH2"
2024-11-25 14:20:00,2.0,17,"BREW,DAV1,HOB2,KIRI,LAUT,LPGS,MAC1,MAJU,MANA,MAW1,MET3,MOBS,NAUR,POHN,SOLO,TUVA,WUH2"
2024-11-25 14:25:00,2.0,20,"BREW,DARW,DAV1,HOB2,KAT1,KIRI,LAUT,LPGS,MAC1,MAJU,MAW1,MET3,MOBS,NAUR,POHN,TOW2,TUVA,WIND,WUH2,YAR3"
2024-11-25 14:30:00,2.0,24,"ALIC,BREW,CRO1,DAV1,DUBO,HERS,HOB2,KIRI,LAUT,LPGS,MAC1,MAJU,MAW1,MET3,MOBS,NAUR,PARK,POHN,PTVL,TID1,TOW2,TUVA,UNBD,YAR3"
2024-11-25 14:35:00,2.0,16,"BREW,DARW,DUBO,KIRI,LAUT,LPGS,MAC1,MAJU,MET3,MOBS,NAUR,POHN,PTVL,TOW2,TUVA,YAR3"
2024-11-25 14:40:00,2.0,19,"BREW,DAV1,DUBO,GPST,HOB2,KAT1,KIRI,LAUT,LPGS,MAC1,MAJU,MAW1,MET3,NAUR,NVSK,POHN,SEYG,TOW2,TUVA"
2024-11-25 14:45:00,2.0,16,"BREW,DARW,DUBO,HOB2,KARR,KAT1,KIRI,LAUT,LPGS,MAC1,MAJU,MET3,MOBS,POHN,TID1,TOW2"
2024-11-25 14:50:00,2.0,19,"BREW,COCO,DAV1,DUBO,HOB2,KIRI,KITG,LAUT,LPGS,MAC1,MAJU,MET3,MOBS,NAUR,PARK,POHN,TID1,TOW2,YAR3"
2024-11-25 14:55:00,2.0,19,"ABMF,ALIC,BREW,COCO,DAV1,DUBO,LAUT,LPGS,MAC1,MAJU,MAW1,MET3,MOBS,NAUR,POHN,SOLO,TID1,TUVA,YAR3"
2024-11-25 15:00:00,2.0,14,"ALIC,BREW,DAV1,DUBO,KIRI,MAC1,MAJU,MAW1,MET3,MOBS,POHN,TID1,TUVA,YAR3"
2024-11-25 15:05:00,2.0,25,"ALIC,AREQ,BREW,CAS1,DAV1,DUBO,HOB2,HRAO,KARR,KAT1,KIRI,LAUT,LPGS,MAC1,MAJU,MAW1,MET3,MOBS,POHN,QAQ1,SUTM,TID1,TOW2,TUVA,YAR3"
2024-11-25 15:10:00,2.0,16,"BREW,DAV1,DUBO,HOB2,KARR,KIRI,LPGS,MAC1,MAJU,MAW1,MET3,PARK,POHN,TID1,TOW2,WUH2"
2024-11-25 15:15:00,2.0,12,"BREW,DUBO,HOB2,KARR,KAT1,KIRI,LPGS,MAC1,MAJU,MET3,PARK,POHN"
2024-11-25 15:20:00,2.0,17,"ALIC,BREW,DARW,DAV1,DUBO,HOB2,KIRI,LPGS,MAC1,MAJU,MAW1,MET3,MOBS,POHN,SOLO,UNBD,YAR3"
2024-11-25 15:25:00,2.0,19,"ALIC,BREW,COCO,DAV1,DUBO,HOB2,KIRI,LPGS,MAC1,MAJU,MAW1,MET3,MOBS,PARK,POHN,SOLO,TID1,TOW2,YAR3"
2024-11-25 15:30:00,2.0,20,"BAKE,BREW,COCO,DAV1,DUBO,HOB2,KIRI,LPGS,MAC1,MAJU,MAW1,MET3,MOBS,NAUR,SEYG,SOLO,TID1,TOW2,TUVA,YAR3"
2024-11-25 15:35:00,2.0,15,"BREW,DAV1,DUBO,HOB2,LPGS,MAC1,MAJU,MET3,MOBS,POHN,PTVL,TID1,TOW2,TUVA,YAR3"
2024-11-25 15:40:00,2.0,17,"BREW,DARW,DAV1,DUBO,HOB2,KAT1,KITG,LPGS,MAJU,MET3,MOBS,PTVL,TID1,TOW2,TUVA,WIND,YAR3"
2024-11-25 15:45:00,2.0,20,"ABMF,BREW,DARW,DAV1,DUBO,HOB2,KAT1,KIRI,LAUT,LPGS,MAC1,MAJU,MET3,MOBS,POHN,PTVL,TID1,TOW2,TUVA,YAR3"
2024-11-25 15:50:00,2.0,11,"BREW,DAV1,DUBO,HOB2,KIRI,LAUT,LPGS,MAC1,MAJU,MOBS,TID1"
2024-11-25 15:55:00,2.0,18,"AREQ,BREW,CAS1,DAV1,DUBO,HOB2,HRAO,KARR,LAUT,LPGS,MAC1,MAJU,MOBS,NVSK,QAQ1,SUTM,TID1,TUVA"
2024-11-25 16:00:00,2.0,15,"BREW,DAV1,DUBO,HOB2,KIRI,LAUT,LPGS,MAC1,MAJU,MOBS,NAUR,POHN,SOLO,TID1,TUVA"
2024-11-25 16:05:00,2.0,16,"COCO,DAV1,DUBO,HOB2,KARR,KIRI,LAUT,LPGS,MAJU,MOBS,NAUR,PARK,POHN,SOLO,TID1,TUVA"
2024-11-25 16:10:00,2.0,14,"DARW,DAV1,DUBO,KARR,KIRI,LAUT,LPGS,MAJU,MOBS,NAUR,PARK,POHN,TID1,YAR3"
2024-11-25 16:15:00,2.0,11,"DARW,DUBO,LAUT,LPGS,MAC1,MAJU,MOBS,NAUR,PARK,TID1,YAR3"
2024-11-25 16:20:00,2.0,15,"DUBO,HOB2,KIRI,LAUT,LPGS,MAC1,MAJU,NAUR,PARK,POHN,SEYG,SOLO,TID1,TUVA,YAR3"
2024-11-25 16:25:00,2.0,16,"COCO,DUBO,HOB2,KAT1,KIRI,LAUT,LPGS,MAC1,MOBS,NAUR,PARK,POHN,SOLO,TID1,TUVA,YAR3"
2024-11-25 16:30:00,2.0,18,"DAV1,DUBO,HOB2,KARR,KAT1,KIRI,KITG,LAUT,LPGS,MAC1,MOBS,NAUR,POHN,SOLO,TOW2,TUVA,WIND,YAR3"
2024-11-25 16:35:00,2.0,16,"ABMF,DAV1,DUBO,HOB2,KIRI,LPGS,MAC1,MET3,MOBS,NAUR,POHN,PTVL,SOLO,TOW2,UNBD,YAR3"
2024-11-25 16:40:00,2.0,16,"DAV1,DUBO,HOB2,KIRI,LAUT,LPGS,MAC1,MOBS,NAUR,PARK,POHN,PTVL,SOLO,TOW2,TUVA,YAR3"
2024-11-25 16:45:00,2.0,24,"AREQ,BREW,DARW,DAV1,DUBO,HOB2,HRAO,KARR,KIRI,LAUT,MAC1,MOBS,NAUR,NVSK,PARK,POHN,PTVL,QAQ1,SOLO,SUTM,TID1,TOW2,TUVA,WHIT"
2024-11-25 16:50:00,2.0,19,"DARW,DAV1,DUBO,HOB2,KARR,KAT1,KIRI,LAUT,MAC1,MOBS,NAUR,PARK,POHN,PTVL,SOLO,TID1,TOW2,TUVA,WUH2"
2024-11-25 16:55:00,2.0,17,"COCO,DARW,DUBO,HOB2,KIRI,LAUT,MAC1,MAJU,MOBS,NAUR,PARK,POHN,PTVL,SOLO,TID1,TOW2,TUVA"
2024-11-25 17:00:00,2.0,15,"ALIC,COCO,HOB2,KIRI,MAC1,MAJU,MOBS,NAUR,PARK,POHN,PTVL,THTG,TID1,TUVA,YAR3"
2024-11-25 17:05:00,2.0,12,"KIRI,MAC1,MAJU,MOBS,NAUR,PARK,POHN,SOLO,THTG,TID1,TUVA,YAR3"
2024-11-25 17:10:00,2.0,20,"ALIC,CAS1,COCO,DARW,HOB2,KAT1,KIRI,LAUT,MAC1,MAJU,MOBS,NAUR,PARK,POHN,SEYG,SOLO,THTG,TID1,TOW2,TUVA"
2024-11-25 17:15:00,2.0,12,"ALIC,COCO,HOB2,KIRI,LAUT,MAC1,MAJU,NAUR,POHN,PTVL,TID1,TUVA"
2024-11-25 17:20:00,2.0,12,"COCO,DARW,HOB2,KIRI,KITG,MAC1,MAJU,NAUR,POHN,SOLO,TID1,TUVA"
2024-11-25 17:25:00,2.0,14,"ABMF,COCO,DARW,HOB2,KIRI,MAC1,MAJU,MET3,NAUR,POHN,SOLO,TOW2,TUVA,UNBD"
2024-11-25 17:30:00,2.0,10,"COCO,HOB2,KIRI,LAUT,MAJU,MOBS,NAUR,POHN,TOW2,TUVA"
2024-11-25 17:35:00,2.0,13,"AREQ,BREW,COCO,HOB2,HRAO,KIRI,LPGS,MAC1,NAUR,NVSK,QAQ1,SUTM,TUVA"
2024-11-25 17:40:00,2.0,7,"HOB2,MAC1,MAJU,NAUR,PTVL,SOLO,TUVA"
2024-11-25 17:45:00,2.0,10,"DARW,HOB2,KIRI,MAC1,MAJU,NAUR,PTVL,TUVA,WIND,YAR3"
2024-11-25 17:50:00,2.0,6,"KIRI,MAC1,MAJU,MOBS,TID1,TUVA"
2024-11-25 17:55:00,2.0,5,"MAC1,MAJU,MOBS,POHN,TUVA"
2024-11-25 18:00:00,2.0,10,"CAS1,HLFX,HOB2,KAT1,MAC1,MAJU,POHN,SEYG,TID1,TUVA"
2024-11-25 18:05:00,2.0,7,"HOB2,KAT1,KIRI,MAJU,POHN,TID1,TUVA"
2024-11-25 18:10:00,2.0,6,"COCO,HOB2,KIRI,KITG,MAJU,YAR3"
2024-11-25 18:15:00,2.0,11,"ABMF,ALIC,BREW,COCO,HOB2,MAJU,MET3,MOBS,NAUR,UNBD,YAR3"
2024-11-25 18:20:00,2.0,10,"ALIC,BREW,COCO,HOB2,KIRI,MAJU,MOBS,NAUR,TID1,YAR3"
2024-11-25 18:25:00,2.0,13,"AREQ,BREW,HRAO,KARR,KIRI,KIRU,MAJU,MOBS,POHN,QAQ1,SUTM,TID1,YAR3"
2024-11-25 18:30:00,2.0,8,"BREW,KARR,MOBS,PARK,POHN,TID1,TOW2,WUH2"
2024-11-25 18:35:00,2.0,9,"BREW,KARR,KAT1,PARK,POHN,STHL,TID1,TOW2,WIND"
2024-11-25 18:40:00,2.0,7,"ALIC,DARW,JOZ2,KARR,MAJU,POHN,TOW2"
2024-11-25 18:45:00,2.0,3,"ALIC,MAJU,POHN"
2024-11-25 18:50:00,2.0,8,"ALIC,ASCG,GODE,GRAC,LPGS,NVSK,POHN,SEYG"
2024-11-25 19:00:00,2.0,6,"DARW,KAT1,KITG,MAJU,POHN,TOW2"
2024-11-25 19:05:00,2.0,7,"ABMF,DARW,KAT1,LAUT,MET3,PTVL,TOW2"
2024-11-25 19:15:00,2.0,7,"AREQ,BREW,GODN,GOP6,HRAO,PTVL,QAQ1"
2024-11-25 19:20:00,2.0,5,"MAJU,NAUR,POHN,SOLO,TUVA"
2024-11-25 19:25:00,2.0,6,"KIRI,MAJU,NAUR,POHN,SOLO,TUVA"
2024-11-25 19:30:00,2.0,7,"KIRI,MAJU,NAUR,POHN,SOLO,TUVA,UNBD"
2024-11-25 19:35:00,2.0,4,"KIRI,MAJU,NAUR,POHN"
2024-11-25 19:40:00,2.0,4,"KIRI,MAJU,NVSK,SEYG"
2024-11-25 19:50:00,2.0,3,"ASCG,KITG,WIND"
2024-11-25 20:05:00,2.0,6,"AREQ,BREW,HRAO,LPGS,QAQ1,SUTM"
2024-11-25 20:55:00,2.0,7,"AREQ,BREW,HRAO,MET3,NVSK,QAQ1,SUTM"
2024-11-25 21:10:00,2.0,3,"MET3,PTGG,UNBD"
2024-11-25 21:20:00,2.0,4,"CAS1,LPGS,MET3,SEYG"
2024-11-25 21:45:00,2.0,7,"AREQ,BREW,HRAO,MET3,NVSK,QAQ1,SUTM"
2024-11-25 21:55:00,2.0,3,"MET3,STHL,WIND"
2024-11-25 22:00:00,2.0,3,"ABMF,MET3,STHL"
2024-11-25 22:10:00,2.0,3,"CAS1,MET3,SEYG"
2024-11-25 22:25:00,2.0,13,"ABMF,BRUX,GODN,GRAC,HERS,MET3,NRC1,NTUS,PIE1,TIDB,UFPR,UNBD,WSRT"
2024-11-25 22:30:00,2.0,5,"BRUX,NRC1,PIE1,TIDB,WSRT"
2024-11-25 22:35:00,2.0,13,"AREQ,BREW,BRFT,BRUX,HRAO,LPGS,MET3,NRC1,PIE1,QAQ1,THTG,TIDB,WSRT"
2024-11-25 22:40:00,2.0,7,"BRFT,BRUX,MET3,NRC1,PIE1,TIDB,WSRT"
2024-11-25 22:45:00,2.0,8,"BRFT,BRUX,MET3,NRC1,PIE1,TIDB,WIND,WSRT"
2024-11-25 22:50:00,2.0,7,"ABMF,BRFT,MET3,NRC1,PIE1,TIDB,WSRT"
2024-11-25 22:55:00,2.0,5,"BRFT,MET3,PIE1,TIDB,WSRT"
2024-11-25 23:00:00,2.0,11,"BRFT,FLRS,LMMF,MET3,NRC1,NVSK,PIE1,SEYG,SUTM,TIDB,WSRT"
2024-11-25 23:05:00,2.0,7,"BRFT,LMMF,MET3,NRC1,PIE1,TIDB,WSRT"
2024-11-25 23:10:00,2.0,6,"BRFT,KITG,LMMF,MET3,PIE1,TIDB"
2024-11-25 23:15:00,2.0,5,"LMMF,MET3,PIE1,TIDB,UNBD"
2024-11-25 23:20:00,2.0,4,"LMMF,MET3,PIE1,TIDB"
2024-11-25 23:25:00,2.0,9,"AREQ,BREW,DUBO,HRAO,LMMF,MET3,PIE1,QAQ1,TIDB"
2024-11-25 23:30:00,2.0,4,"LMMF,MET3,PIE1,TIDB"
2024-11-25 23:35:00,2.0,5,"BRFT,LMMF,MET3,PIE1,TIDB"
2024-11-25 23:40:00,2.0,7,"ABMF,BRFT,CPVG,MET3,PIE1,SCRZ,TIDB"
2024-11-25 23:45:00,2.0,4,"BRFT,MET3,SCRZ,TIDB"
2024-11-25 23:50:00,2.0,8,"BRFT,LPGS,MET3,NVSK,PIE1,SEYG,SUTM,TIDB"
2024-11-25 23:55:00,2.0,3,"BRFT,GPST,MET3"
2024-11-26 00:00:00,2.0,5,"BRFT,GPST,KITG,MET3,WIND"
2024-11-26 00:05:00,2.0,5,"BRFT,GPST,IRKJ,MET3,TIDB"
2024-11-26 00:10:00,2.0,4,"AMC4,BRFT,GPST,MET3"
2024-11-26 00:15:00,2.0,6,"AREQ,BREW,BRFT,HRAO,QAQ1,TIDB"
2024-11-26 00:20:00,2.0,3,"BADG,BRFT,TIDB"
2024-11-26 00:30:00,2.0,5,"BRFT,MET3,PIE1,TIDB,UNBD"
2024-11-26 00:35:00,2.0,4,"BRFT,PIE1,SVTL,TIDB"
2024-11-26 00:40:00,2.0,5,"BRFT,NVSK,PIE1,SUTM,TIDB"
2024-11-26 00:45:00,2.0,3,"BRFT,PIE1,TIDB"
2024-11-26 00:50:00,2.0,7,"BRFT,KITG,PIE1,STR1,TIDB,WIND,WUH2"
2024-11-26 00:55:00,2.0,4,"BRFT,IRKJ,PIE1,TIDB"
2024-11-26 01:00:00,2.0,4,"BRFT,MANA,PIE1,TIDB"
2024-11-26 01:05:00,2.0,13,"AREQ,BAKE,BRAZ,BREW,BRFT,HRAO,LPGS,MANA,NRC1,PIE1,QAQ1,SEYG,TIDB"
2024-11-26 01:10:00,2.0,5,"BRFT,CHAN,NRC1,PIE1,TIDB"
2024-11-26 01:15:00,2.0,7,"BRFT,CHAN,IRKJ,NRC1,PIE1,TIDB,WSRT"
2024-11-26 01:20:00,2.0,9,"BRFT,CHAN,IRKJ,MET3,NRC1,PIE1,TIDB,UNBD,WSRT"
2024-11-26 01:25:00,2.0,8,"BRFT,BRUX,CHAN,IRKJ,NRC1,PIE1,TIDB,WSRT"
2024-11-26 01:30:00,2.0,9,"BRFT,BRUX,CAS1,CHAN,IRKJ,NRC1,PIE1,TIDB,WSRT"
2024-11-26 01:35:00,2.0,8,"BRFT,BRUX,CHAN,IRKJ,NRC1,PIE1,TIDB,WSRT"
2024-11-26 01:40:00,2.0,16,"AMC4,ANTC,BRFT,BRUX,CHAN,IRKJ,KITG,MONP,NRC1,PIE1,SALU,SCUB,STR1,SYDN,TIDB,WSRT"
2024-11-26 01:55:00,2.0,8,"AREQ,BREW,BRFT,HRAO,NVSK,QAQ1,SEYG,SUTM"
2024-11-26 02:05:00,2.0,3,"BRFT,MONP,WIND"
2024-11-26 02:10:00,2.0,4,"BRFT,MET3,MONP,UNBD"
2024-11-26 02:15:00,2.0,3,"BRFT,MONP,QUIN"
2024-11-26 02:30:00,2.0,3,"BRFT,KITG,STR1"
2024-11-26 02:45:00,2.0,7,"AREQ,BREW,BRFT,HRAO,NVSK,QAQ1,SEYG"
2024-11-26 03:00:00,2.0,3,"ABMF,MET3,UNBD"
2024-11-26 03:20:00,2.0,3,"KITG,STR1,WUH2"
2024-11-26 03:35:00,2.0,8,"AREQ,BREW,HLFX,HRAO,LPGS,NVSK,QAQ1,SEYG"
2024-11-26 04:10:00,2.0,3,"KITG,STR1,WIND"
2024-11-26 04:15:00,2.0,3,"ABMF,IRKJ,UNBD"
2024-11-26 04:25:00,2.0,7,"AREQ,BREW,CAS1,HRAO,NVSK,QAQ1,SEYG"
2024-11-26 05:00:00,2.0,4,"KITG,MET3,STR1,WIND"
2024-11-26 05:05:00,2.0,3,"IRKJ,MET3,UNBD"
2024-11-26 05:15:00,2.0,8,"AREQ,BREW,HRAO,MET3,NVSK,QAQ1,SEYG,SUTM"
2024-11-26 05:50:00,2.0,4,"KITG,MET3,STR1,WUH2"
2024-11-26 06:05:00,2.0,9,"AREQ,BREW,CAS1,HRAO,MET3,NVSK,QAQ1,SEYG,SUTM"
2024-11-26 06:15:00,2.0,3,"LPGS,MET3,WIND"
2024-11-26 06:20:00,2.0,3,"LPGS,MET3,UNBD"
2024-11-26 06:30:00,2.0,3,"ABMF,LPGS,MET3"
2024-11-26 06:40:00,2.0,4,"KITG,LPGS,MET3,STR1"
2024-11-26 06:45:00,2.0,4,"IRKJ,LPGS,MET3,WUH2"
2024-11-26 06:50:00,2.0,3,"LPGS,MET3,WUH2"
2024-11-26 06:55:00,2.0,10,"AREQ,BREW,CAS1,HRAO,LPGS,MET3,QAQ1,SEYG,SUTM,WUH2"
2024-11-26 07:00:00,2.0,3,"LPGS,MET3,WUH2"
2024-11-26 07:05:00,2.0,3,"LPGS,MET3,WUH2"
2024-11-26 07:10:00,2.0,4,"LPGS,MET3,UNBD,WUH2"
2024-11-26 07:15:00,2.0,3,"LPGS,MET3,WUH2"
2024-11-26 07:20:00,2.0,5,"LPGS,MET3,NVSK,THTG,WUH2"
2024-11-26 07:25:00,2.0,3,"LPGS,MET3,WUH2"
2024-11-26 07:30:00,2.0,7,"KITG,KOUG,LPGS,MET3,STR1,WIND,WUH2"
2024-11-26 07:35:00,2.0,4,"IRKJ,LPGS,MET3,WUH2"
2024-11-26 07:40:00,2.0,3,"LPGS,MET3,WUH2"
2024-11-26 07:45:00,2.0,9,"ABMF,AREQ,BREW,HRAO,LPGS,MET3,QAQ1,SEYG,WUH2"
2024-11-26 07:50:00,2.0,3,"LPGS,MET3,WUH2"
2024-11-26 07:55:00,2.0,3,"LPGS,MET3,WUH2"
2024-11-26 08:00:00,2.0,4,"LPGS,MET3,UNBD,WUH2"
2024-11-26 08:05:00,2.0,3,"LPGS,MET3,WUH2"
2024-11-26 08:10:00,2.0,7,"KIRU,LPGS,MET3,MKEA,NVSK,SUTM,WUH2"
2024-11-26 08:20:00,2.0,5,"KITG,LPGS,STR1,WIND,WUH2"
2024-11-26 08:35:00,2.0,8,"ABMF,AREQ,BREW,HRAO,LPGS,QAQ1,SEYG,WUH2"
2024-11-26 08:40:00,2.0,3,"HERT,LPGS,WUH2"
2024-11-26 08:50:00,2.0,3,"LPGS,UNBD,WUH2"
2024-11-26 09:00:00,2.0,4,"LPGS,SUTM,WHIT,WUH2"
2024-11-26 09:10:00,2.0,4,"KITG,LPGS,STR1,WUH2"
2024-11-26 09:15:00,2.0,4,"IRKJ,LPGS,MET3,WUH2"
2024-11-26 09:25:00,2.0,9,"ABMF,AREQ,BREW,HRAO,LPGS,NVSK,QAQ1,SEYG,WUH2"
2024-11-26 09:45:00,2.0,3,"ABMF,BRUX,WUH2"
2024-11-26 09:50:00,2.0,6,"ABMF,HLFX,NLIB,STJO,SUTM,WUH2"
2024-11-26 10:00:00,2.0,4,"ABMF,KITG,STR1,WUH2"
2024-11-26 10:05:00,2.0,5,"ABMF,IRKJ,JOZ2,MET3,UNBD"
2024-11-26 10:15:00,2.0,8,"ABMF,AREQ,BREW,HRAO,LPGS,NVSK,QAQ1,SEYG"
2024-11-26 10:40:00,2.0,3,"ABMF,GOP6,IENG"
2024-11-26 10:50:00,2.0,4,"ABMF,KITG,STR1,WUH2"
2024-11-26 10:55:00,2.0,5,"ABMF,IRKJ,MET3,PIMO,UNBD"
2024-11-26 11:05:00,2.0,8,"ABMF,AREQ,BREW,CAS1,HRAO,QAQ1,SEYG,SVTL"
2024-11-26 11:40:00,2.0,4,"JOG2,KITG,STR1,WIND"
2024-11-26 11:55:00,2.0,8,"AREQ,BREW,CAS1,HRAO,LPGS,PIE1,QAQ1,SEYG"
2024-11-26 12:20:00,2.0,4,"NVSK,RGDG,SUTM,TID1"
2024-11-26 12:30:00,2.0,3,"KITG,STR1,WIND"
2024-11-26 12:45:00,2.0,6,"AREQ,BREW,HRAO,MET3,QAQ1,SEYG"
2024-11-26 13:10:00,2.0,4,"CAS1,LPGS,MET3,NVSK"
2024-11-26 13:20:00,2.0,3,"KITG,MET3,WUH2"
2024-11-26 13:35:00,2.0,8,"AREQ,BREW,HRAO,MET3,QAQ1,SEYG,STR1,SUTM"
2024-11-26 13:45:00,2.0,3,"MET3,WARK,WIND"
2024-11-26 13:50:00,2.0,3,"MET3,UNBD,WGTN"
2024-11-26 13:55:00,2.0,3,"MET3,WARK,WGTN"
2024-11-26 14:10:00,2.0,3,"GUAT,KITG,MET3"
2024-11-26 14:25:00,2.0,11,"AREQ,BREW,CAS1,HRAO,LPGS,MKEA,NVSK,QAQ1,SEYG,STR1,SUTM"
2024-11-26 15:00:00,2.0,3,"KITG,MET3,TID1"
2024-11-26 15:05:00,2.0,3,"IRKJ,MET3,TID1"
2024-11-26 15:15:00,2.0,9,"AREQ,BREW,HRAO,MET3,NVSK,QAQ1,SEYG,STR1,TID1"
2024-11-26 15:40:00,2.0,3,"LPGS,MET3,SUTM"
2024-11-26 15:50:00,2.0,5,"KITG,MET3,PTGG,WIND,WUH2"
2024-11-26 15:55:00,2.0,3,"IRKJ,MET3,UNBD"
2024-11-26 16:05:00,2.0,7,"AREQ,BREW,CAS1,HRAO,QAQ1,SEYG,STR1"
2024-11-26 16:30:00,2.0,4,"CRO1,MATE,NVSK,SUTM"
2024-11-26 16:45:00,2.0,4,"AJAC,HERT,IRKJ,UNBD"
2024-11-26 16:55:00,2.0,8,"AREQ,BREW,CAS1,HRAO,LPGS,QAQ1,SEYG,STR1"
2024-11-26 17:45:00,2.0,8,"AREQ,BREW,HRAO,NVSK,QAQ1,SEYG,STR1,SUTM"
2024-11-26 18:20:00,2.0,3,"CPVG,KITG,WUH2"
2024-11-26 18:35:00,2.0,8,"AREQ,BREW,GPST,HRAO,NVSK,QAQ1,SEYG,STR1"
2024-11-26 18:50:00,2.0,3,"JOZ2,MET3,UNBD"
2024-11-26 19:00:00,2.0,3,"KIRU,MELI,SUTM"
2024-11-26 19:10:00,2.0,3,"CPVG,KITG,WIND"
2024-11-26 19:25:00,2.0,8,"AREQ,BREW,GOP6,HRAO,LPGS,QAQ1,SEYG,STR1"
2024-11-26 19:40:00,2.0,3,"MET3,MGUE,UNBD"
2024-11-26 20:15:00,2.0,7,"AREQ,BREW,CAS1,HRAO,QAQ1,SEYG,WHIT"
2024-11-26 20:40:00,2.0,5,"LPGS,MKEA,NVSK,STR1,SUTM"
2024-11-26 20:50:00,2.0,24,"ALIC,CKIS,DARW,DAV1,HOB2,KARR,KAT1,KIRI,KITG,LAUT,MAC1,MAJU,MAW1,MET3,MOBS,NAUR,PTVL,SOLO,TID1,TONG,TOW2,TUVA,WUH2,YAR3"
2024-11-26 20:55:00,2.0,25,"ALIC,CKIS,CPVG,DARW,DAV1,HOB2,IRKJ,KARR,KAT1,KIRI,LAUT,MAC1,MAJU,MAW1,MET3,MOBS,NAUR,PTVL,SOLO,TID1,TONG,TOW2,TUVA,UNBD,YAR3"
2024-11-26 21:00:00,2.0,21,"ALIC,CKIS,DAV1,HOB2,KARR,KAT1,KIRI,LAUT,MAC1,MAJU,MAW1,MET3,MOBS,NAUR,PTVL,SOLO,TID1,TONG,TOW2,TUVA,YAR3"
2024-11-26 21:05:00,2.0,26,"ALIC,AREQ,BREW,CAS1,CKIS,DAV1,HOB2,HRAO,KAT1,KIRI,LAUT,MAC1,MAJU,MAW1,MET3,MOBS,NAUR,PTVL,QAQ1,SEYG,SOLO,TID1,TONG,TOW2,TUVA,YAR3"
2024-11-26 21:10:00,2.0,19,"ALIC,CKIS,CPVG,DAV1,HOB2,KAT1,KIRI,LAUT,MAC1,MAW1,MET3,MOBS,PTVL,SOLO,TID1,TONG,TOW2,TUVA,YAR3"
2024-11-26 21:15:00,2.0,18,"ALIC,CKIS,DAV1,HOB2,KIRI,LAUT,MAC1,MAW1,MET3,MOBS,PTVL,SOLO,TID1,TONG,TOW2,TUVA,WIND,YAR3"
2024-11-26 21:20:00,2.0,15,"ALIC,CKIS,DAV1,HOB2,LAUT,MAC1,MAW1,MET3,MOBS,PTVL,SOLO,TID1,TONG,TOW2,TUVA"
2024-11-26 21:25:00,2.0,12,"CKIS,DAV1,HOB2,LAUT,MAC1,MAW1,MET3,MOBS,PTVL,TID1,TONG,TOW2"
2024-11-26 21:30:00,2.0,18,"CKIS,DAV1,HOB2,LAUT,MAC1,MAW1,MET3,MOBS,NVSK,PTVL,SAVO,SOLO,STR1,SUTM,TID1,TONG,TOW2,YAR3"
2024-11-26 21:35:00,2.0,14,"CKIS,DAV1,HOB2,LAUT,MAC1,MAW1,MET3,MOBS,PTVL,SAVO,SOLO,TID1,TONG,YAR3"
2024-11-26 21:40:00,2.0,13,"CKIS,DAV1,HOB2,KITG,LAUT,MAC1,MAW1,MET3,MOBS,SOLO,TID1,TONG,YAR3"
2024-11-26 21:45:00,2.0,13,"ALIC,CKIS,DAV1,IRKJ,MAC1,MAW1,MET3,REUN,SOLO,TONG,TOPL,UNBD,YAR3"
2024-11-26 21:50:00,2.0,9,"ALIC,CKIS,CPVG,DAV1,MET3,SOLO,TOPL,TOW2,YAR3"
2024-11-26 21:55:00,2.0,16,"AREQ,BRAZ,BREW,CKIS,HOB2,HRAO,LPGS,MET3,MOBS,QAQ1,SEYG,SOLO,TID1,TOPL,TOW2,YAR3"
2024-11-26 22:00:00,2.0,11,"ALIC,BRAZ,CKIS,HOB2,MAC1,MET3,MOBS,SOLO,TID1,TOW2,YAR3"
2024-11-26 22:05:00,2.0,13,"ALIC,CKIS,DAV1,HOB2,LAUT,MAC1,MET3,MOBS,SOLO,TID1,TONG,TOW2,YAR3"
2024-11-26 22:10:00,2.0,13,"DAV1,HOB2,LAUT,MAC1,MAW1,MET3,MOBS,PTVL,SOLO,TID1,TONG,TOW2,YAR3"
2024-11-26 22:15:00,2.0,15,"ALIC,DAV1,HOB2,LAUT,LPGS,MAC1,MAW1,MET3,MOBS,PTVL,SOLO,TID1,TONG,TOW2,YAR3"
2024-11-26 22:20:00,2.0,17,"ALIC,DAV1,HOB2,LAUT,LPGS,MAC1,MAW1,MOBS,NVSK,PTVL,SOLO,STR1,SUTM,TID1,TONG,TOW2,YAR3"
2024-11-26 22:25:00,2.0,21,"AMC4,CKIS,DAV1,HOB2,LAUT,LPGS,MAC1,MAW1,MOBS,PIE1,PTVL,SCRZ,SOLO,TID1,TIDB,TONG,TOW2,WSRT,WUH2,YAR3,YELL"
2024-11-26 22:30:00,2.0,22,"BRFT,CKIS,DAV1,HOB2,KITG,LAUT,LPGS,MAC1,MAW1,MOBS,PIE1,PTVL,SOLO,TID1,TIDB,TONG,TOW2,WIND,WSRT,WUH2,YAR3,YELL"
2024-11-26 22:35:00,2.0,24,"ALIC,BRFT,CKIS,DAV1,GPST,HOB2,IRKJ,LAUT,LPGS,MAC1,MAW1,MOBS,PIE1,PTVL,SOLO,TID1,TIDB,TONG,TOW2,UNBD,WSRT,WUH2,YAR3,YELL"
2024-11-26 22:40:00,2.0,21,"ALIC,BRFT,CKIS,DAV1,HOB2,LAUT,LPGS,MAC1,MAW1,MOBS,PIE1,PTVL,SOLO,TID1,TIDB,TONG,TOW2,WSRT,WUH2,YAR3,YELL"
2024-11-26 22:45:00,2.0,27,"ALIC,AREQ,BREW,BRFT,CAS1,CKIS,DAV1,HOB2,HRAO,LAUT,LPGS,MAC1,MAW1,MOBS,PIE1,PTVL,QAQ1,SEYG,SOLO,TID1,TIDB,TONG,TOW2,WSRT,WUH2,YAR3,YELL"
2024-11-26 22:50:00,2.0,22,"ALIC,BRFT,CKIS,DAV1,HOB2,LAUT,LPGS,MAC1,MAW1,MOBS,PIE1,PTVL,SOLO,TID1,TIDB,TONG,TOW2,TUVA,WSRT,WUH2,YAR3,YELL"
2024-11-26 22:55:00,2.0,21,"BAKE,BRFT,CKIS,DAV1,HOB2,LAUT,LPGS,MAC1,MAW1,MOBS,PIE1,PTVL,SOLO,TID1,TIDB,TONG,TOW2,TUVA,WUH2,YAR3,YELL"
2024-11-26 23:00:00,2.0,22,"ALIC,BRFT,CKIS,DAV1,HOB2,LAUT,LPGS,MAC1,MAW1,MET3,MOBS,PIE1,PTVL,SOLO,TID1,TIDB,TONG,TOW2,TUVA,WUH2,YAR3,YELL"
2024-11-26 23:05:00,2.0,21,"ALIC,BRFT,CKIS,DAV1,HOB2,LAUT,LPGS,MAC1,MAW1,MOBS,PIE1,PTVL,SOLO,TID1,TIDB,TONG,TOW2,TUVA,WUH2,YAR3,YELL"
2024-11-26 23:10:00,2.0,22,"ALIC,BRFT,CKIS,DAV1,HLFX,HOB2,LAUT,LPGS,MAC1,MAW1,MOBS,PIE1,PTVL,SOLO,STR1,TID1,TONG,TOW2,TUVA,WUH2,YAR3,YELL"
2024-11-26 23:15:00,2.0,20,"ALIC,BRFT,CKIS,DAV1,HOB2,LAUT,LPGS,MAC1,MAW1,MOBS,PIE1,PTVL,SOLO,TID1,TONG,TOW2,TUVA,WUH2,YAR3,YELL"
2024-11-26 23:20:00,2.0,21,"ALIC,BRFT,CKIS,DAV1,HOB2,KITG,LAUT,LPGS,MAC1,MAW1,MOBS,PIE1,PTVL,SOLO,TID1,TONG,TOW2,TUVA,WIND,WUH2,YAR3"
2024-11-26 23:25:00,2.0,20,"ALIC,BRFT,CKIS,DAV1,HOB2,IRKJ,LAUT,LPGS,MAC1,MAW1,MOBS,PIE1,PTVL,SOLO,TID1,TONG,TOW2,TUVA,WUH2,YAR3"
2024-11-26 23:30:00,2.0,18,"ALIC,BRFT,CKIS,DAV1,HOB2,LAUT,LPGS,MAC1,MAW1,MOBS,PIE1,PTVL,SOLO,TID1,TONG,TOW2,TUVA,YAR3"
2024-11-26 23:35:00,2.0,25,"ALIC,AREQ,BREW,BRFT,CKIS,DAV1,HOB2,HRAO,LAUT,LPGS,MAC1,MAW1,MOBS,NVSK,PIE1,PTVL,QAQ1,SEYG,SOLO,SUTM,TID1,TONG,TOW2,TUVA,YAR3"
2024-11-26 23:40:00,2.0,19,"ALGO,ALIC,BRFT,CKIS,DAV1,HOB2,LAUT,LPGS,MAC1,MAW1,MOBS,PIE1,PTVL,SOLO,TID1,TONG,TOW2,TUVA,YAR3"
2024-11-26 23:45:00,2.0,19,"ALGO,ALIC,BRFT,CKIS,DAV1,FLIN,HOB2,LAUT,LPGS,MAC1,MAW1,MOBS,PTVL,SOLO,TID1,TONG,TOW2,TUVA,YAR3"
2024-11-26 23:50:00,2.0,21,"ALGO,ALIC,BRFT,CKIS,DAV1,FLIN,HOB2,LAUT,LPGS,MAC1,MAW1,MOBS,PTVL,SOLO,TID1,TIDB,TONG,TOW2,TUVA,UNBD,YAR3"
2024-11-26 23:55:00,2.0,19,"ALGO,ALIC,BRFT,CKIS,DAV1,FLIN,GPST,HOB2,LAUT,MAC1,MAW1,MOBS,PTVL,SOLO,TID1,TONG,TOW2,TUVA,YAR3"
2024-11-27 00:00:00,2.0,24,"ALGO,ALIC,BRFT,CAS1,CKIS,DAV1,FLIN,GPST,HOB2,KOUR,LAUT,LPGS,MAC1,MAW1,MOBS,ONSA,PIE1,PTVL,SOLO,TID1,TONG,TOW2,TUVA,YAR3"
2024-11-27 00:05:00,2.0,22,"ABMF,ALGO,ALIC,BRFT,CKIS,DAV1,GPST,HERS,HOB2,LAUT,LPGS,MAC1,MAW1,MOBS,NIST,PTVL,SOLO,TID1,TONG,TOW2,TUVA,YAR3"
2024-11-27 00:10:00,2.0,23,"ABMF,ALGO,ALIC,BRFT,CKIS,DARW,GPST,HOB2,KARR,KAT1,KITG,KOKB,LAUT,LPGS,MAC1,MAJU,MOBS,NRC1,PTVL,SOLO,TID1,TOW2,YAR3"
2024-11-27 00:15:00,2.0,25,"ABMF,ALGO,ALIC,BRFT,CKIS,DARW,DAV1,FLIN,HOB2,IRKJ,KARR,KAT1,KIRI,LAUT,LPGS,MAC1,MAJU,MAW1,MOBS,NAUR,PTVL,SOLO,TID1,TOW2,YAR3"
2024-11-27 00:20:00,2.0,24,"ABMF,ALGO,ALIC,BRFT,DARW,DAV1,FLIN,HOB2,KARR,KAT1,KIRI,LAUT,LPGS,MAC1,MAJU,MAW1,MOBS,NAUR,PTVL,SOLO,TID1,TONG,TOW2,YAR3"
2024-11-27 00:25:00,2.0,31,"ABMF,ALGO,ALIC,AREQ,BREW,BRFT,DAV1,FLIN,HOB2,HRAO,KARR,KAT1,KIRI,LAUT,LPGS,MAC1,MAJU,MAW1,MOBS,NAUR,NVSK,PTVL,QAQ1,SEYG,SOLO,SUTM,TID1,TONG,TOW2,TWTF,YAR3"
2024-11-27 00:30:00,2.0,22,"ABMF,ALGO,ALIC,BRFT,DAV1,FLIN,HOB2,KAT1,KIRI,LAUT,LPGS,MAC1,MAJU,MAW1,MOBS,NAUR,PTVL,SOLO,TID1,TONG,TOW2,YAR3"
2024-11-27 00:35:00,2.0,23,"ABMF,ALGO,ALIC,BRFT,DAV1,FLIN,HOB2,KIRI,LAUT,LPGS,MAC1,MAW1,MOBS,NAUR,PTVL,SALU,SOLO,STR1,TID1,TONG,TOW2,WIND,YAR3"
2024-11-27 00:40:00,2.0,22,"ABMF,ALGO,ALIC,BRFT,DAV1,FLIN,HOB2,KIRI,LAUT,LPGS,MAC1,MAW1,MOBS,NAUR,PTVL,SALU,SOLO,TID1,TONG,TOW2,UNBD,YAR3"
2024-11-27 00:45:00,2.0,20,"ABMF,ALGO,ALIC,BRFT,DAV1,FLIN,HOB2,LAUT,LPGS,MAC1,MAW1,MOBS,NAUR,PTVL,SOLO,TID1,TONG,TOW2,YAR3,YELL"
2024-11-27 00:50:00,2.0,16,"ABMF,ALGO,DAV1,FLIN,HOB2,LAUT,LPGS,MAC1,MAW1,MOBS,PIE1,PTVL,TID1,TONG,TOW2,YELL"
2024-11-27 00:55:00,2.0,17,"ABMF,ALGO,DAV1,FLIN,GPST,HOB2,LAUT,LPGS,MAC1,MAW1,MOBS,PIE1,PTVL,TID1,TONG,TOW2,YELL"
2024-11-27 01:00:00,2.0,18,"ABMF,ALGO,DAV1,FLIN,HOB2,KITG,LAUT,LPGS,MAC1,MAW1,MOBS,PIE1,PTVL,TID1,TIDB,TONG,TOW2,YELL"
2024-11-27 01:05:00,2.0,19,"ABMF,ALGO,DAV1,FLIN,HOB2,IRKJ,LAUT,LPGS,MAC1,MAW1,MOBS,PIE1,PTVL,TID1,TIDB,TONG,TOW2,WSRT,YELL"
2024-11-27 01:10:00,2.0,17,"ABMF,ALGO,BRFT,DAV1,FLIN,HOB2,LAUT,LPGS,MAC1,MAW1,MOBS,PIE1,PTVL,TID1,TIDB,TONG,YELL"
2024-11-27 01:15:00,2.0,27,"ABMF,ALGO,AREQ,BAKE,BREW,BRFT,CKIS,DAV1,FLIN,HOB2,HRAO,LAUT,LPGS,MAC1,MAW1,MOBS,NVSK,PIE1,PTVL,QAQ1,SEYG,SUTM,TID1,TIDB,TONG,WSRT,YELL"
2024-11-27 01:20:00,2.0,18,"ABMF,ALGO,CKIS,DAV1,FLIN,HOB2,LAUT,LPGS,MAC1,MAW1,MOBS,PIE1,PTVL,TID1,TIDB,TONG,WSRT,YELL"
2024-11-27 01:25:00,2.0,21,"ABMF,ALGO,BRFT,CKIS,DAV1,FLIN,HOB2,IRKJ,LAUT,LPGS,MAC1,MAW1,MOBS,NRC1,PIE1,PTVL,STR1,TID1,TIDB,WSRT,YELL"
2024-11-27 01:30:00,2.0,22,"ABMF,ALGO,BRFT,CKIS,DAV1,FLIN,HOB2,IRKJ,LAUT,LPGS,MAC1,MAW1,MOBS,PIE1,PTVL,TID1,TIDB,TONG,UNBD,WSRT,WUH2,YELL"
2024-11-27 01:35:00,2.0,19,"ABMF,ALGO,BRFT,CKIS,DAV1,FLIN,HOB2,IRKJ,LAUT,MAC1,MAW1,MOBS,PIE1,PTVL,TID1,TIDB,TONG,WSRT,YELL"
2024-11-27 01:40:00,2.0,30,"ABMF,ALGO,ARUC,BRFT,CAS1,CKIS,DAV1,FLIN,GODN,HERS,HOB2,IISC,KIR0,LAUT,MAC1,MAW1,MDVJ,MOBS,NIST,NOVM,NRC1,NTUS,PIE1,PTGG,PTVL,TID1,TIDB,TONG,WSRT,YELL"
2024-11-27 01:45:00,2.0,14,"ABMF,ALGO,BRFT,CKIS,DAV1,DUMG,FLIN,HOB2,LAUT,MAC1,MAW1,MOBS,TONG,WUH2"
2024-11-27 01:50:00,2.0,12,"ALGO,CKIS,DAV1,FLIN,HOB2,KITG,LAUT,MAC1,MAW1,TONG,WIND,WUH2"
2024-11-27 01:55:00,2.0,10,"ALGO,BRFT,CKIS,DAV1,FLIN,HOB2,IRKJ,MAC1,MAW1,WUH2"
2024-11-27 02:00:00,2.0,7,"ALGO,CKIS,DAV1,FLIN,MAC1,TONG,WUH2"
2024-11-27 02:05:00,2.0,13,"ALGO,AREQ,BREW,BRFT,CKIS,FLIN,HRAO,MAC1,NVSK,QAQ1,SEYG,TONG,WUH2"
2024-11-27 02:10:00,2.0,8,"ALGO,BRFT,CKIS,FLIN,MAC1,SVTL,TONG,WUH2"
2024-11-27 02:15:00,2.0,9,"ALGO,BRFT,CKIS,FLIN,MAC1,STR1,SVTL,TONG,WUH2"
2024-11-27 02:20:00,2.0,9,"ALGO,BRFT,CKIS,FLIN,MAC1,STR1,SVTL,TONG,WUH2"
2024-11-27 02:25:00,2.0,9,"ABMF,ALGO,CKIS,FLIN,MAC1,STR1,SVTL,TONG,WUH2"
2024-11-27 02:30:00,2.0,12,"ALGO,BRFT,CKIS,FLIN,HLFX,LPGS,MAC1,STR1,SUTM,SVTL,TONG,WUH2"
2024-11-27 02:35:00,2.0,9,"ALGO,BRFT,CKIS,FLIN,GMSD,STR1,SVTL,TONG,WUH2"
2024-11-27 02:40:00,2.0,9,"ALGO,BRFT,CKIS,GMSD,KITG,STR1,SVTL,WIND,WUH2"
2024-11-27 02:45:00,2.0,10,"ALGO,BRFT,CKIS,GMSD,IRKJ,STR1,SVTL,TONG,UNBD,WUH2"
2024-11-27 02:50:00,2.0,7,"ALGO,BRFT,CKIS,GMSD,STR1,SVTL,WUH2"
2024-11-27 02:55:00,2.0,12,"ALGO,AREQ,BREW,BRFT,CAS1,CKIS,GMSD,QAQ1,SEYG,STR1,SVTL,WUH2"
2024-11-27 03:00:00,2.0,8,"ALGO,BRFT,CKIS,GMSD,STR1,SVTL,TONG,WUH2"
2024-11-27 03:05:00,2.0,5,"ALGO,BRFT,FLIN,GMSD,STR1"
2024-11-27 03:10:00,2.0,4,"ALGO,FLIN,STR1,TONG"
2024-11-27 03:15:00,2.0,6,"ABMF,ALGO,FLIN,HRAO,STR1,TONG"
2024-11-27 03:20:00,2.0,6,"ALGO,DUBO,FLIN,NVSK,STR1,SUTM"
2024-11-27 03:25:00,2.0,3,"FLIN,STR1,TOPL"
2024-11-27 03:30:00,2.0,4,"FLIN,KITG,STR1,TOPL"
2024-11-27 03:35:00,2.0,5,"IRKJ,STR1,UNBD,WHIT,WUH2"
2024-11-27 03:45:00,2.0,7,"AREQ,BREW,LPGS,QAQ1,SEYG,STR1,WHIT"
2024-11-27 03:55:00,2.0,3,"STR1,WHIT,WIND"
2024-11-27 04:00:00,2.0,4,"BOGT,GPST,STR1,WHIT"
2024-11-27 04:05:00,2.0,4,"ABMF,HRAO,STR1,WHIT"
2024-11-27 04:10:00,2.0,4,"NVSK,STR1,SUTM,WHIT"
2024-11-27 04:20:00,2.0,3,"KITG,STR1,WHIT"
2024-11-27 04:25:00,2.0,5,"HRAG,IRKJ,STR1,UNBD,WHIT"
2024-11-27 04:35:00,2.0,6,"AREQ,BREW,QAQ1,SEYG,STR1,WHIT"
2024-11-27 04:45:00,2.0,3,"STR1,WHIT,WIND"
2024-11-27 04:55:00,2.0,4,"ABMF,HRAO,STR1,WHIT"
2024-11-27 05:00:00,2.0,3,"LPGS,STR1,WHIT"
2024-11-27 05:05:00,2.0,3,"HLFX,STR1,WHIT"
2024-11-27 05:10:00,2.0,4,"HLFX,KITG,STR1,WHIT"
2024-11-27 05:15:00,2.0,3,"HLFX,IRKJ,STR1"
2024-11-27 05:20:00,2.0,3,"HLFX,STR1,SVTL"
2024-11-27 05:25:00,2.0,9,"AREQ,BREW,CAS1,HLFX,NVSK,QAQ1,SEYG,STR1,SUTM"
2024-11-27 05:35:00,2.0,3,"GMSD,HLFX,STR1"
2024-11-27 05:40:00,2.0,3,"HLFX,UNBD,WUH2"
2024-11-27 05:45:00,2.0,3,"ABMF,HLFX,HRAO"
2024-11-27 06:00:00,2.0,3,"HLFX,KITG,WIND"
2024-11-27 06:15:00,2.0,9,"AREQ,BREW,HLFX,LPGS,NVSK,QAQ1,SEYG,SUTM,UTQI"
2024-11-27 06:35:00,2.0,3,"ABMF,HLFX,HRAO"
2024-11-27 06:50:00,2.0,3,"HLFX,KITG,WIND"
2024-11-27 07:05:00,2.0,9,"AREQ,BREW,CAS1,HLFX,NVSK,QAQ1,SEYG,SUTM,WHIT"
2024-11-27 07:25:00,2.0,3,"ABMF,HLFX,HRAO"
2024-11-27 07:55:00,2.0,8,"AREQ,BREW,CAS1,LPGS,NVSK,QAQ1,SEYG,THTG"
2024-11-27 08:15:00,2.0,3,"ABMF,HRAO,MIKL"
2024-11-27 08:40:00,2.0,3,"HOB2,MOBS,TOW2"
2024-11-27 08:45:00,2.0,7,"AREQ,BREW,KIRU,POHN,QAQ1,SEYG,SOLO"
2024-11-27 08:50:00,2.0,4,"KIRI,LAUT,MAJU,NRMD"
2024-11-27 08:55:00,2.0,3,"CKIS,STR1,WIND"
2024-11-27 09:10:00,2.0,5,"CAS1,CKSV,LPGS,NVSK,SUTM"
2024-11-27 09:35:00,2.0,4,"AREQ,BREW,QAQ1,SEYG"
2024-11-27 10:00:00,2.0,3,"NVSK,SUTM,WHIT"
2024-11-27 10:10:00,2.0,3,"HRAO,KITG,WIND"
2024-11-27 10:15:00,2.0,3,"HRAO,IRKJ,UNBD"
2024-11-27 10:25:00,2.0,6,"AREQ,BREW,HRAO,LPGS,QAQ1,SEYG"
2024-11-27 10:45:00,2.0,3,"ABMF,GUAT,HRAO"
2024-11-27 10:50:00,2.0,3,"GOP6,HRAO,NVSK"
2024-11-27 11:00:00,2.0,3,"HRAO,KITG,WIND"
2024-11-27 11:05:00,2.0,3,"HRAO,IRKJ,UNBD"
2024-11-27 11:15:00,2.0,8,"AREQ,BREW,HRAO,PIE1,QAQ1,SEYG,SUTM,THTG"
2024-11-27 11:35:00,2.0,3,"ABMF,BRUX,HRAO"
2024-11-27 11:40:00,2.0,4,"HRAO,LPGS,NNOR,NVSK"
2024-11-27 12:00:00,2.0,5,"GPST,HOB2,HRAO,MOBS,TOW2"
2024-11-27 12:05:00,2.0,7,"AREQ,BREW,DUBO,HRAO,POHN,QAQ1,SEYG"
2024-11-27 12:10:00,2.0,3,"HRAO,KIRI,LAUT"
2024-11-27 12:15:00,2.0,3,"HRAO,STR1,WIND"
2024-11-27 12:20:00,2.0,3,"HRAO,UNBD,WUH2"
2024-11-27 12:30:00,2.0,4,"CAS1,CKSV,HRAO,SUTM"
2024-11-27 12:55:00,2.0,8,"AREQ,BREW,HRAO,LPGS,NVSK,QAQ1,SEYG,WHIT"
2024-11-27 13:05:00,2.0,4,"HRAO,STR1,WHIT,WIND"
2024-11-27 13:10:00,2.0,3,"HRAO,UNBD,WHIT"
2024-11-27 13:15:00,2.0,3,"ABMF,HRAO,WHIT"
2024-11-27 13:20:00,2.0,3,"HRAO,SUTM,WHIT"
2024-11-27 13:30:00,2.0,3,"BJFS,KITG,WHIT"
2024-11-27 13:35:00,2.0,3,"GODN,IRKJ,WHIT"
2024-11-27 13:45:00,2.0,6,"AREQ,BREW,NVSK,QAQ1,SEYG,WHIT"
2024-11-27 13:50:00,2.0,3,"WARK,WHIT,WUH2"
2024-11-27 13:55:00,2.0,4,"STR1,WARK,WHIT,WUH2"
2024-11-27 14:00:00,2.0,4,"HLFX,UNBD,WHIT,WUH2"
2024-11-27 14:05:00,2.0,5,"ABMF,GUAT,HLFX,WHIT,WUH2"
2024-11-27 14:10:00,2.0,7,"CAS1,HLFX,LPGS,SUTM,WHIT,WUH2,YEL2"
2024-11-27 14:15:00,2.0,3,"HLFX,WHIT,WUH2"
2024-11-27 14:20:00,2.0,5,"HLFX,KITG,WHIT,WIND,WUH2"
2024-11-27 14:25:00,2.0,4,"HLFX,IRKJ,WHIT,WUH2"
2024-11-27 14:30:00,2.0,3,"HLFX,WHIT,WUH2"
2024-11-27 14:35:00,2.0,10,"AREQ,BREW,HLFX,NVSK,ONSA,QAQ1,SEYG,UTQI,WHIT,WUH2"
2024-11-27 14:45:00,2.0,3,"HLFX,STR1,WUH2"
2024-11-27 14:50:00,2.0,3,"HLFX,TID1,WUH2"
2024-11-27 14:55:00,2.0,4,"ABMF,HLFX,TID1,WUH2"
2024-11-27 15:00:00,2.0,4,"HLFX,TID1,WSRT,WUH2"
2024-11-27 15:05:00,2.0,4,"HLFX,LPGS,TID1,WUH2"
2024-11-27 15:10:00,2.0,6,"HLFX,KITG,LPGS,TID1,WIND,WUH2"
2024-11-27 15:15:00,2.0,6,"HLFX,IRKJ,LPGS,TID1,UNBD,WUH2"
2024-11-27 15:20:00,2.0,4,"HLFX,LPGS,TID1,WUH2"
2024-11-27 15:25:00,2.0,9,"AREQ,BREW,CAS1,HLFX,LPGS,QAQ1,SEYG,SUTM,TID1"
2024-11-27 15:30:00,2.0,5,"ALBH,HLFX,LPGS,TID1,WUH2"
2024-11-27 15:35:00,2.0,4,"HLFX,LPGS,STR1,WUH2"
2024-11-27 15:40:00,2.0,3,"HLFX,LPGS,WUH2"
2024-11-27 15:45:00,2.0,4,"ABMF,HLFX,LPGS,WUH2"
2024-11-27 15:50:00,2.0,4,"HLFX,LPGS,NVSK,WUH2"
2024-11-27 15:55:00,2.0,3,"HLFX,LPGS,WUH2"
2024-11-27 16:00:00,2.0,5,"GPST,HLFX,KITG,LPGS,WUH2"
2024-11-27 16:05:00,2.0,6,"HLFX,HRAO,IRKJ,LPGS,UNBD,WUH2"
2024-11-27 16:10:00,2.0,3,"HLFX,LPGS,WUH2"
2024-11-27 16:15:00,2.0,7,"AREQ,BREW,LPGS,QAQ1,SEYG,SUTM,WUH2"
2024-11-27 16:25:00,2.0,6,"LPGS,QAQ1,STR1,WIND,WSRT,WUH2"
2024-11-27 16:30:00,2.0,3,"LPGS,QAQ1,WUH2"
2024-11-27 16:35:00,2.0,4,"ABMF,LPGS,QAQ1,WUH2"
2024-11-27 16:40:00,2.0,6,"GRAC,HERT,LPGS,NVSK,QAQ1,WUH2"
2024-11-27 16:45:00,2.0,3,"QAQ1,TLSE,WUH2"
2024-11-27 16:50:00,2.0,4,"KITG,LPGS,QAQ1,WUH2"
2024-11-27 16:55:00,2.0,4,"IRKJ,LPGS,QAQ1,WUH2"
2024-11-27 17:00:00,2.0,4,"LPGS,NIST,QAQ1,WUH2"
2024-11-27 17:05:00,2.0,9,"AREQ,BREW,CAS1,LPGS,PIE1,QAQ1,SEYG,SUTM,WUH2"
2024-11-27 17:15:00,2.0,3,"LPGS,QAQ1,STR1"
2024-11-27 17:20:00,2.0,3,"LPGS,QAQ1,UNBD"
2024-11-27 17:25:00,2.0,3,"ABMF,LPGS,QAQ1"
2024-11-27 17:30:00,2.0,4,"DRAO,LPGS,NVSK,QAQ1"
2024-11-27 17:40:00,2.0,5,"KITG,LPGS,NRC1,QAQ1,WIND"
2024-11-27 17:45:00,2.0,3,"IRKJ,LPGS,QAQ1"
2024-11-27 17:55:00,2.0,5,"AREQ,BREW,LPGS,QAQ1,SEYG"
2024-11-27 18:05:00,2.0,3,"LPGS,QAQ1,STR1"
2024-11-27 18:10:00,2.0,4,"LPGS,QAQ1,UNBD,WUH2"
2024-11-27 18:15:00,2.0,4,"ABMF,CPVG,LPGS,QAQ1"
2024-11-27 18:20:00,2.0,5,"HLFX,LPGS,NVSK,QAQ1,SUTM"
2024-11-27 18:25:00,2.0,4,"MELI,MGUE,NIST,QAQ1"
2024-11-27 18:30:00,2.0,4,"KITG,MELI,QAQ1,WIND"
2024-11-27 18:35:00,2.0,3,"IRKJ,MELI,QAQ1"
2024-11-27 18:45:00,2.0,7,"AREQ,BREW,CAS1,MELI,QAQ1,SEYG,YEBE"
2024-11-27 18:50:00,2.0,3,"MELI,QAQ1,YEBE"
2024-11-27 18:55:00,2.0,4,"AJAC,QAQ1,STR1,YEBE"
2024-11-27 19:00:00,2.0,3,"JOZ2,QAQ1,UNBD"
2024-11-27 19:05:00,2.0,4,"ABMF,GRAC,MARS,QAQ1"
2024-11-27 19:10:00,2.0,6,"KIRU,LPGS,NYAL,QAQ1,SUTM,WSRT"
2024-11-27 19:15:00,2.0,3,"GODE,NYAL,QAQ1"
2024-11-27 19:35:00,2.0,7,"AREQ,BREW,GOP6,NVSK,PDEL,QAQ1,SEYG"
2024-11-27 20:00:00,2.0,3,"CAS1,SUTM,YKRO"
2024-11-27 20:25:00,2.0,6,"AREQ,BREW,LPGS,NVSK,QAQ1,SEYG"
2024-11-27 21:05:00,2.0,3,"GPST,IRKJ,UNBD"
2024-11-27 21:15:00,2.0,7,"AREQ,BREW,NVSK,QAQ1,SEYG,SUTM,VILL"
2024-11-27 22:05:00,2.0,6,"AREQ,BREW,MELI,QAQ1,SEYG,SUTM"
2024-11-27 22:25:00,2.0,10,"ABMF,BRFT,CHAN,HERS,IENG,KOUR,MADR,NTUS,PIE1,YELL"
2024-11-27 22:30:00,2.0,10,"BRFT,CHAN,HERS,IENG,KOUR,NTUS,NVSK,PIE1,TIDB,YELL"
2024-11-27 22:35:00,2.0,9,"BAKE,BRFT,CHAN,HERS,IENG,KOUR,MADR,PIE1,YELL"
2024-11-27 22:40:00,2.0,10,"BAKE,BRFT,CHAN,HERS,IENG,KITG,MADR,PIE1,WIND,YELL"
2024-11-27 22:45:00,2.0,7,"BRFT,CHAN,HERS,IENG,IRKJ,PIE1,YELL"
2024-11-27 22:50:00,2.0,5,"CHAN,HERS,KOUR,PIE1,YELL"
2024-11-27 22:55:00,2.0,10,"AREQ,BREW,HERS,KOUR,LPGS,PIE1,QAQ1,SEYG,SUTM,YELL"
2024-11-27 23:00:00,2.0,4,"HERS,KOUR,PIE1,YELL"
2024-11-27 23:05:00,2.0,4,"HERS,PIE1,STR1,YELL"
2024-11-27 23:10:00,2.0,5,"HERS,PIE1,UNBD,WUH2,YELL"
2024-11-27 23:15:00,2.0,4,"ABMF,HERS,PIE1,YELL"
2024-11-27 23:20:00,2.0,3,"NVSK,PIE1,YELL"
2024-11-27 23:45:00,2.0,5,"AREQ,BREW,QAQ1,SEYG,YELL"
2024-11-27 23:55:00,2.0,4,"BRFT,GOLD,GPST,WIND"
2024-11-28 00:00:00,2.0,3,"GPST,HRAO,UNBD"
2024-11-28 00:10:00,2.0,6,"ABMF,GPST,HRAO,LPGS,NVSK,PIE1"
2024-11-28 00:35:00,2.0,6,"AREQ,BREW,HRAO,PIE1,QAQ1,SEYG"
2024-11-28 00:40:00,2.0,4,"HERS,HRAO,PIE1,YELL"
2024-11-28 00:45:00,2.0,6,"BRFT,HERS,HRAO,PIE1,WIND,YELL"
2024-11-28 00:50:00,2.0,6,"BRFT,HERS,HRAO,PIE1,UNBD,YELL"
2024-11-28 00:55:00,2.0,5,"BRFT,HERS,HRAO,PIE1,YELL"
2024-11-28 01:00:00,2.0,8,"BRFT,CAS1,HERS,HRAO,IENG,NVSK,PIE1,YELL"
2024-11-28 01:05:00,2.0,6,"BRFT,HERS,HRAO,IENG,PIE1,YELL"
2024-11-28 01:10:00,2.0,7,"BRFT,HERS,HRAO,IENG,KITG,PIE1,YELL"
2024-11-28 01:15:00,2.0,7,"BRFT,HERS,HRAO,IENG,IRKJ,PIE1,YELL"
2024-11-28 01:20:00,2.0,7,"BRFT,CHAN,HERS,HRAO,IENG,PIE1,YELL"
2024-11-28 01:25:00,2.0,15,"ABMF,AREQ,BREW,BRFT,CHAN,HERS,HRAO,IENG,LPGS,MKEA,PIE1,QAQ1,SEYG,WTZZ,YELL"
2024-11-28 01:30:00,2.0,8,"BRFT,CHAN,HERS,HRAO,IENG,PIE1,WTZZ,YELL"
2024-11-28 01:35:00,2.0,8,"BRFT,CHAN,HERS,HRAO,IENG,PIE1,WTZZ,YELL"
2024-11-28 01:40:00,2.0,17,"AMC4,BELE,BHR4,BRFT,CHAN,HERS,HRAO,IENG,KOUR,MADR,NICO,NRMD,PIE1,UFPR,WTZZ,WUH2,YELL"
2024-11-28 01:45:00,2.0,3,"BRFT,KOUR,WUHN"
2024-11-28 01:50:00,2.0,3,"BRFT,CAS1,KOUR"
2024-11-28 02:00:00,2.0,4,"BRFT,KITG,KOUR,WIND"
2024-11-28 02:05:00,2.0,3,"BRFT,IRKJ,UNBD"
2024-11-28 02:15:00,2.0,8,"ABMF,AREQ,BREW,BRFT,HRAO,NVSK,QAQ1,SEYG"
2024-11-28 03:05:00,2.0,6,"AREQ,BREW,HRAO,NVSK,QAQ1,SEYG"
2024-11-28 03:45:00,2.0,3,"IRKJ,UNBD,WUH2"
2024-11-28 03:55:00,2.0,7,"AREQ,BREW,HRAO,LPGS,NVSK,QAQ1,SEYG"
2024-11-28 04:45:00,2.0,6,"AREQ,BREW,CRO1,HRAO,QAQ1,SEYG"
2024-11-28 05:35:00,2.0,6,"AREQ,BREW,HRAO,LPGS,QAQ1,SEYG"
2024-11-28 05:50:00,2.0,3,"IRKJ,UNBD,WUH2"
2024-11-28 06:25:00,2.0,8,"AREQ,BADG,BREW,HRAO,PIE1,QAQ1,SEYG,WHIT"
2024-11-28 06:30:00,2.0,3,"ABMF,BADG,SEYG"
2024-11-28 06:40:00,2.0,6,"BADG,BRUN,HERT,IRKJ,SEYG,UNBD"
2024-11-28 06:45:00,2.0,4,"BADG,SEYG,SUTM,YAR2"
2024-11-28 06:50:00,2.0,4,"BADG,CAS1,NVSK,SEYG"
2024-11-28 07:00:00,2.0,3,"BADG,KITG,SEYG"
2024-11-28 07:05:00,2.0,3,"BADG,SEYG,WIND"
2024-11-28 07:15:00,2.0,10,"AREQ,BADG,BREW,HRAO,LPGS,MKEA,QAQ1,SEYG,THTG,TWTF"
2024-11-28 07:20:00,2.0,3,"ABMF,BADG,SEYG"
2024-11-28 07:30:00,2.0,5,"BADG,IRKJ,KOUG,LPGS,SEYG"
2024-11-28 07:35:00,2.0,4,"BADG,LPGS,SEYG,SUTM"
2024-11-28 07:40:00,2.0,4,"BADG,KIRU,LPGS,SEYG"
2024-11-28 07:45:00,2.0,3,"BADG,LPGS,SEYG"
2024-11-28 07:50:00,2.0,5,"BADG,KITG,LPGS,NRC1,SEYG"
2024-11-28 07:55:00,2.0,6,"BADG,LPGS,SEYG,UNBD,WIND,WUH2"
2024-11-28 08:00:00,2.0,3,"BADG,LPGS,SEYG"
2024-11-28 08:05:00,2.0,9,"AREQ,BADG,BREW,HRAO,LPGS,MADR,NVSK,QAQ1,YEL2"
2024-11-28 08:10:00,2.0,3,"ABMF,BADG,LPGS"
2024-11-28 08:15:00,2.0,3,"AMC4,BADG,LPGS"
2024-11-28 08:20:00,2.0,3,"BADG,IRKJ,LPGS"
2024-11-28 08:25:00,2.0,3,"BADG,LPGS,SUTM"
2024-11-28 08:30:00,2.0,4,"BADG,GPST,LPGS,ONSA"
2024-11-28 08:40:00,2.0,3,"BADG,KITG,LPGS"
2024-11-28 08:45:00,2.0,5,"BADG,CEBR,LPGS,UNBD,WIND"
2024-11-28 08:50:00,2.0,3,"BADG,LPGS,SEYG"
2024-11-28 08:55:00,2.0,11,"AREQ,BADG,BREW,HRAO,IENG,LPGS,NVSK,QAQ1,SEYG,STJ3,STJO"
2024-11-28 09:00:00,2.0,6,"ABMF,ALBH,BADG,LPGS,SEYG,ZECK"
2024-11-28 09:10:00,2.0,6,"BADG,IRKJ,LPGS,MDVJ,SEYG,WSRT"
2024-11-28 09:15:00,2.0,4,"BADG,LPGS,SEYG,SUTM"
2024-11-28 09:20:00,2.0,4,"BADG,CAS1,LPGS,SEYG"
2024-11-28 09:25:00,2.0,3,"BADG,LPGS,SEYG"
2024-11-28 09:30:00,2.0,5,"BADG,KITG,LPGS,SEYG,ULAB"
2024-11-28 09:35:00,2.0,3,"LPGS,SEYG,UNBD"
2024-11-28 09:45:00,2.0,7,"AREQ,BREW,HRAO,LPGS,NVSK,QAQ1,SEYG"
2024-11-28 09:50:00,2.0,5,"ABMF,GPST,LPGS,RIO2,SEYG"
2024-11-28 10:00:00,2.0,6,"HERT,IRKJ,LPGS,SEYG,WIND,WUH2"
2024-11-28 10:15:00,2.0,3,"GODE,LPGS,SEYG"
2024-11-28 10:20:00,2.0,4,"GOLD,KITG,LPGS,SEYG"
2024-11-28 10:25:00,2.0,3,"BRFT,LPGS,SEYG"
2024-11-28 10:30:00,2.0,4,"LPGS,SEYG,SUTM,YAR2"
2024-11-28 10:35:00,2.0,8,"AREQ,BREW,BRFT,HRAO,LPGS,NVSK,PIE1,QAQ1"
2024-11-28 10:40:00,2.0,4,"ABMF,BRFT,LPGS,WUH2"
2024-11-28 10:45:00,2.0,4,"BRFT,GPST,LPGS,WUH2"
2024-11-28 10:50:00,2.0,5,"BRFT,IRKJ,UNBD,WIND,WUH2"
2024-11-28 11:00:00,2.0,4,"BRFT,CAS1,GOP6,WUH2"
2024-11-28 11:20:00,2.0,3,"SEYG,SUTM,WUH2"
2024-11-28 11:25:00,2.0,7,"AREQ,BREW,HRAO,LPGS,NVSK,QAQ1,WUH2"
2024-11-28 11:30:00,2.0,3,"ABMF,BRFT,WUH2"
2024-11-28 11:40:00,2.0,5,"BRFT,IRKJ,UNBD,WIND,WUH2"
2024-11-28 11:50:00,2.0,3,"BRFT,HRAG,WUH2"
2024-11-28 12:00:00,2.0,3,"BRFT,KITG,WUH2"
2024-11-28 12:05:00,2.0,3,"AUCK,BRFT,WUH2"
2024-11-28 12:10:00,2.0,4,"BRFT,SEYG,SUTM,WUH2"
2024-11-28 12:15:00,2.0,7,"AREQ,BREW,BRFT,CAS1,HRAO,QAQ1,WUH2"
2024-11-28 12:30:00,2.0,3,"IRKJ,UNBD,WUH2"
2024-11-28 12:40:00,2.0,4,"LPGS,NIUM,NVSK,WUH2"
2024-11-28 13:00:00,2.0,4,"NYA1,SEYG,WUH2,YAR2"
2024-11-28 13:05:00,2.0,5,"AREQ,BREW,HRAO,QAQ1,WUH2"
2024-11-28 13:10:00,2.0,3,"ABMF,PARK,WUH2"
2024-11-28 13:20:00,2.0,3,"IRKJ,UNBD,WUH2"
2024-11-28 13:45:00,2.0,4,"AUCK,BRFT,WIND,WUH2"
2024-11-28 13:50:00,2.0,5,"AUCK,BRFT,SEYG,WARK,WUH2"
2024-11-28 13:55:00,2.0,10,"AREQ,AUCK,BREW,BRFT,CAS1,HRAO,LPGS,QAQ1,WARK,WUH2"
2024-11-28 14:15:00,2.0,3,"BRFT,SUTM,YAR2"
2024-11-28 14:45:00,2.0,4,"AREQ,BREW,HRAO,QAQ1"
2024-11-28 15:00:00,2.0,4,"BRFT,BRUN,DUBO,IRKJ"
2024-11-28 15:05:00,2.0,3,"BRFT,DUBO,SUTM"
2024-11-28 15:10:00,2.0,3,"BRFT,DUBO,LPGS"
2024-11-28 15:20:00,2.0,5,"BRFT,DUBO,KITG,KOKB,ULAB"
2024-11-28 15:25:00,2.0,8,"AUCK,BRFT,CEBR,DUBO,KOKV,UNBD,WIND,WUH2"
2024-11-28 15:30:00,2.0,4,"BRFT,DUBO,SEYG,YAR2"
2024-11-28 15:35:00,2.0,8,"AREQ,BREW,BRFT,CAS1,DUBO,HRAO,NVSK,QAQ1"
2024-11-28 15:40:00,2.0,4,"ABMF,ALBH,BRFT,DUBO"
2024-11-28 16:15:00,2.0,4,"DUBO,THTG,UNBD,WIND"
2024-11-28 16:20:00,2.0,5,"BRFT,DUBO,SEYG,SUTM,THTG"
2024-11-28 16:25:00,2.0,7,"AREQ,BREW,DUBO,HRAO,LPGS,QAQ1,THTG"
2024-11-28 16:30:00,2.0,3,"ABMF,DUBO,THTG"
2024-11-28 16:35:00,2.0,3,"DUBO,NICO,THTG"
2024-11-28 16:40:00,2.0,3,"DUBO,NICO,THTG"
2024-11-28 16:45:00,2.0,4,"DUBO,DYNG,PDEL,THTG"
2024-11-28 16:50:00,2.0,4,"CAS1,DUBO,DYNG,THTG"
2024-11-28 17:00:00,2.0,3,"DUBO,KITG,THTG"
2024-11-28 17:05:00,2.0,3,"BRFT,DUBO,THTG"
2024-11-28 17:10:00,2.0,5,"BRFT,DUBO,SEYG,SUTM,THTG"
2024-11-28 17:15:00,2.0,8,"AREQ,BREW,BRFT,DUBO,HRAO,NVSK,QAQ1,THTG"
2024-11-28 17:20:00,2.0,4,"ABMF,BRFT,DUBO,THTG"
2024-11-28 17:25:00,2.0,3,"BRFT,DUBO,THTG"
2024-11-28 17:30:00,2.0,6,"BRFT,DUBO,THTG,UNBD,WIND,WUH2"
2024-11-28 17:35:00,2.0,3,"BRFT,DUBO,THTG"
2024-11-28 17:40:00,2.0,6,"BRFT,CAS1,DUBO,HRAG,LPGS,MKEA"
2024-11-28 18:05:00,2.0,6,"AREQ,BREW,HRAO,PIE1,QAQ1,WHIT"
2024-11-28 18:55:00,2.0,5,"AREQ,BREW,HRAO,LPGS,QAQ1"
2024-11-28 19:45:00,2.0,5,"AREQ,BREW,HRAO,NVSK,QAQ1"
2024-11-28 20:10:00,2.0,3,"DUBO,LPGS,THTG"
2024-11-28 20:35:00,2.0,5,"AREQ,BREW,HRAO,NVSK,QAQ1"
2024-11-28 20:40:00,2.0,3,"ABMF,CPVG,DUBO"
2024-11-28 21:00:00,2.0,3,"CAS1,CPVG,DUBO"
2024-11-28 21:25:00,2.0,6,"AREQ,BREW,DUBO,HRAO,LPGS,QAQ1"
2024-11-28 21:30:00,2.0,3,"ABMF,DUBO,HERT"
2024-11-28 21:40:00,2.0,3,"DUBO,REUN,WUH2"
2024-11-28 21:45:00,2.0,3,"DUBO,REUN,SUTM"
2024-11-28 21:50:00,2.0,3,"CAS1,DUBO,REUN"
2024-11-28 22:15:00,2.0,6,"AREQ,BREW,DUBO,HRAO,NVSK,QAQ1"
2024-11-28 23:05:00,2.0,6,"AREQ,BREW,CAS1,HRAO,NVSK,QAQ1"
